{"op":"copied","src":"C:\\Users\\soren\\google-drive-mcp\\docs\\AI_MODULE_GUIDE.md","dest":"C:\\Users\\soren\\docs\\multi-agent\\AI_MODULE_GUIDE.md","srcHash":"d38bd072d41bf24702034823f78c81029b959604"}
{"op":"archived-original","src":"C:\\Users\\soren\\google-drive-mcp\\docs\\AI_MODULE_GUIDE.md","archive":"C:\\Users\\soren\\archive\\docs-legacy-2026-05-04T03-06-29-830Z\\orig\\AI_MODULE_GUIDE.md"}
{"op":"skip-ext","file":"C:\\Users\\soren\\google-drive-mcp\\docs\\api\\fonts\\OpenSans-Bold-webfont.eot"}
{"op":"copied","src":"C:\\Users\\soren\\google-drive-mcp\\docs\\api\\fonts\\OpenSans-Bold-webfont.svg","dest":"C:\\Users\\soren\\docs\\assets\\examples\\api\\fonts\\OpenSans-Bold-webfont.svg","srcHash":"5a6a63870c020200db4d664aa4c45e021a000749"}
{"op":"archived-original","src":"C:\\Users\\soren\\google-drive-mcp\\docs\\api\\fonts\\OpenSans-Bold-webfont.svg","archive":"C:\\Users\\soren\\archive\\docs-legacy-2026-05-04T03-06-29-830Z\\orig\\api\\fonts\\OpenSans-Bold-webfont.svg"}
{"op":"skip-ext","file":"C:\\Users\\soren\\google-drive-mcp\\docs\\api\\fonts\\OpenSans-Bold-webfont.woff"}
{"op":"skip-ext","file":"C:\\Users\\soren\\google-drive-mcp\\docs\\api\\fonts\\OpenSans-BoldItalic-webfont.eot"}
{"op":"copied","src":"C:\\Users\\soren\\google-drive-mcp\\docs\\api\\fonts\\OpenSans-BoldItalic-webfont.svg","dest":"C:\\Users\\soren\\docs\\assets\\examples\\api\\fonts\\OpenSans-BoldItalic-webfont.svg","srcHash":"f5afa7aa8284c543aab60526ac6d814df69dc7d1"}
{"op":"archived-original","src":"C:\\Users\\soren\\google-drive-mcp\\docs\\api\\fonts\\OpenSans-BoldItalic-webfont.svg","archive":"C:\\Users\\soren\\archive\\docs-legacy-2026-05-04T03-06-29-830Z\\orig\\api\\fonts\\OpenSans-BoldItalic-webfont.svg"}
{"op":"skip-ext","file":"C:\\Users\\soren\\google-drive-mcp\\docs\\api\\fonts\\OpenSans-BoldItalic-webfont.woff"}
{"op":"skip-ext","file":"C:\\Users\\soren\\google-drive-mcp\\docs\\api\\fonts\\OpenSans-Italic-webfont.eot"}
{"op":"copied","src":"C:\\Users\\soren\\google-drive-mcp\\docs\\api\\fonts\\OpenSans-Italic-webfont.svg","dest":"C:\\Users\\soren\\docs\\assets\\examples\\api\\fonts\\OpenSans-Italic-webfont.svg","srcHash":"9edb8e027cfb6ca4af27caea837f34e4349cddf7"}
{"op":"archived-original","src":"C:\\Users\\soren\\google-drive-mcp\\docs\\api\\fonts\\OpenSans-Italic-webfont.svg","archive":"C:\\Users\\soren\\archive\\docs-legacy-2026-05-04T03-06-29-830Z\\orig\\api\\fonts\\OpenSans-Italic-webfont.svg"}
{"op":"skip-ext","file":"C:\\Users\\soren\\google-drive-mcp\\docs\\api\\fonts\\OpenSans-Italic-webfont.woff"}
{"op":"skip-ext","file":"C:\\Users\\soren\\google-drive-mcp\\docs\\api\\fonts\\OpenSans-Light-webfont.eot"}
{"op":"copied","src":"C:\\Users\\soren\\google-drive-mcp\\docs\\api\\fonts\\OpenSans-Light-webfont.svg","dest":"C:\\Users\\soren\\docs\\assets\\examples\\api\\fonts\\OpenSans-Light-webfont.svg","srcHash":"0e1b5e663900cdbb72da8a08f0f7909c8d2c980e"}
{"op":"archived-original","src":"C:\\Users\\soren\\google-drive-mcp\\docs\\api\\fonts\\OpenSans-Light-webfont.svg","archive":"C:\\Users\\soren\\archive\\docs-legacy-2026-05-04T03-06-29-830Z\\orig\\api\\fonts\\OpenSans-Light-webfont.svg"}
{"op":"skip-ext","file":"C:\\Users\\soren\\google-drive-mcp\\docs\\api\\fonts\\OpenSans-Light-webfont.woff"}
{"op":"skip-ext","file":"C:\\Users\\soren\\google-drive-mcp\\docs\\api\\fonts\\OpenSans-LightItalic-webfont.eot"}
{"op":"copied","src":"C:\\Users\\soren\\google-drive-mcp\\docs\\api\\fonts\\OpenSans-LightItalic-webfont.svg","dest":"C:\\Users\\soren\\docs\\assets\\examples\\api\\fonts\\OpenSans-LightItalic-webfont.svg","srcHash":"7fa9bac5f0e338506cda852e84df0fe1927585a7"}
{"op":"archived-original","src":"C:\\Users\\soren\\google-drive-mcp\\docs\\api\\fonts\\OpenSans-LightItalic-webfont.svg","archive":"C:\\Users\\soren\\archive\\docs-legacy-2026-05-04T03-06-29-830Z\\orig\\api\\fonts\\OpenSans-LightItalic-webfont.svg"}
{"op":"skip-ext","file":"C:\\Users\\soren\\google-drive-mcp\\docs\\api\\fonts\\OpenSans-LightItalic-webfont.woff"}
{"op":"skip-ext","file":"C:\\Users\\soren\\google-drive-mcp\\docs\\api\\fonts\\OpenSans-Regular-webfont.eot"}
{"op":"copied","src":"C:\\Users\\soren\\google-drive-mcp\\docs\\api\\fonts\\OpenSans-Regular-webfont.svg","dest":"C:\\Users\\soren\\docs\\assets\\examples\\api\\fonts\\OpenSans-Regular-webfont.svg","srcHash":"3ef5f272f68816f72f197f45f420507baf552599"}
{"op":"archived-original","src":"C:\\Users\\soren\\google-drive-mcp\\docs\\api\\fonts\\OpenSans-Regular-webfont.svg","archive":"C:\\Users\\soren\\archive\\docs-legacy-2026-05-04T03-06-29-830Z\\orig\\api\\fonts\\OpenSans-Regular-webfont.svg"}
{"op":"skip-ext","file":"C:\\Users\\soren\\google-drive-mcp\\docs\\api\\fonts\\OpenSans-Regular-webfont.woff"}
{"op":"copied","src":"C:\\Users\\soren\\google-drive-mcp\\docs\\api\\global.html","dest":"C:\\Users\\soren\\docs\\assets\\examples\\api\\global.html","srcHash":"900327521a483673ac9534793a71c358adcd41a4"}
{"op":"archived-original","src":"C:\\Users\\soren\\google-drive-mcp\\docs\\api\\global.html","archive":"C:\\Users\\soren\\archive\\docs-legacy-2026-05-04T03-06-29-830Z\\orig\\api\\global.html"}
{"op":"copied","src":"C:\\Users\\soren\\google-drive-mcp\\docs\\api\\index.html","dest":"C:\\Users\\soren\\docs\\assets\\examples\\api\\index.html","srcHash":"2a6eee45617e9c976910ef02df9c5d8cff9fca95"}
{"op":"archived-original","src":"C:\\Users\\soren\\google-drive-mcp\\docs\\api\\index.html","archive":"C:\\Users\\soren\\archive\\docs-legacy-2026-05-04T03-06-29-830Z\\orig\\api\\index.html"}
{"op":"copied","src":"C:\\Users\\soren\\google-drive-mcp\\docs\\api\\modules_exif_geocode.js.html","dest":"C:\\Users\\soren\\docs\\assets\\examples\\api\\modules_exif_geocode.js.html","srcHash":"e6f2a2e51f48d46d0a2381138c544ead9fc90e47"}
{"op":"archived-original","src":"C:\\Users\\soren\\google-drive-mcp\\docs\\api\\modules_exif_geocode.js.html","archive":"C:\\Users\\soren\\archive\\docs-legacy-2026-05-04T03-06-29-830Z\\orig\\api\\modules_exif_geocode.js.html"}
{"op":"copied","src":"C:\\Users\\soren\\google-drive-mcp\\docs\\api\\scripts\\linenumber.js","dest":"C:\\Users\\soren\\docs\\assets\\examples\\api\\scripts\\linenumber.js","srcHash":"18c37e1c7f910bd2cfcbbd354af8eb3a7cca3270"}
{"op":"archived-original","src":"C:\\Users\\soren\\google-drive-mcp\\docs\\api\\scripts\\linenumber.js","archive":"C:\\Users\\soren\\archive\\docs-legacy-2026-05-04T03-06-29-830Z\\orig\\api\\scripts\\linenumber.js"}
{"op":"skip-ext","file":"C:\\Users\\soren\\google-drive-mcp\\docs\\api\\scripts\\prettify\\Apache-License-2.0.txt"}
{"op":"copied","src":"C:\\Users\\soren\\google-drive-mcp\\docs\\api\\scripts\\prettify\\lang-css.js","dest":"C:\\Users\\soren\\docs\\assets\\examples\\api\\scripts\\prettify\\lang-css.js","srcHash":"0a6564da73538b95de1d787c36347f63595891b4"}
{"op":"archived-original","src":"C:\\Users\\soren\\google-drive-mcp\\docs\\api\\scripts\\prettify\\lang-css.js","archive":"C:\\Users\\soren\\archive\\docs-legacy-2026-05-04T03-06-29-830Z\\orig\\api\\scripts\\prettify\\lang-css.js"}
{"op":"copied","src":"C:\\Users\\soren\\google-drive-mcp\\docs\\api\\scripts\\prettify\\prettify.js","dest":"C:\\Users\\soren\\docs\\assets\\examples\\api\\scripts\\prettify\\prettify.js","srcHash":"a4e5934397f97f79b8066984475c90af8a970a36"}
{"op":"archived-original","src":"C:\\Users\\soren\\google-drive-mcp\\docs\\api\\scripts\\prettify\\prettify.js","archive":"C:\\Users\\soren\\archive\\docs-legacy-2026-05-04T03-06-29-830Z\\orig\\api\\scripts\\prettify\\prettify.js"}
{"op":"copied","src":"C:\\Users\\soren\\google-drive-mcp\\docs\\api\\server.cjs.html","dest":"C:\\Users\\soren\\docs\\assets\\examples\\api\\server.cjs.html","srcHash":"d53687b3e9bdbc4ef0e7b94de2076938ad63c3ff"}
{"op":"archived-original","src":"C:\\Users\\soren\\google-drive-mcp\\docs\\api\\server.cjs.html","archive":"C:\\Users\\soren\\archive\\docs-legacy-2026-05-04T03-06-29-830Z\\orig\\api\\server.cjs.html"}
{"op":"skip-ext","file":"C:\\Users\\soren\\google-drive-mcp\\docs\\api\\styles\\jsdoc-default.css"}
{"op":"skip-ext","file":"C:\\Users\\soren\\google-drive-mcp\\docs\\api\\styles\\prettify-jsdoc.css"}
{"op":"skip-ext","file":"C:\\Users\\soren\\google-drive-mcp\\docs\\api\\styles\\prettify-tomorrow.css"}
{"op":"copied","src":"C:\\Users\\soren\\google-drive-mcp\\docs\\API.md","dest":"C:\\Users\\soren\\docs\\api\\API.md","srcHash":"4462b2b4d639303e0e97a204c7633ae2bacb5e43"}
{"op":"archived-original","src":"C:\\Users\\soren\\google-drive-mcp\\docs\\API.md","archive":"C:\\Users\\soren\\archive\\docs-legacy-2026-05-04T03-06-29-830Z\\orig\\API.md"}
{"op":"copied","src":"C:\\Users\\soren\\google-drive-mcp\\docs\\ARCHITECTURE.md","dest":"C:\\Users\\soren\\docs\\architecture\\ARCHITECTURE.md","srcHash":"6537eefdad9410fc82fa1647fcfb8b7444fc8c33"}
{"op":"archived-original","src":"C:\\Users\\soren\\google-drive-mcp\\docs\\ARCHITECTURE.md","archive":"C:\\Users\\soren\\archive\\docs-legacy-2026-05-04T03-06-29-830Z\\orig\\ARCHITECTURE.md"}
{"op":"copied","src":"C:\\Users\\soren\\google-drive-mcp\\docs\\BENCHMARKS.md","dest":"C:\\Users\\soren\\docs\\assets\\examples\\BENCHMARKS.md","srcHash":"ab3d054984604d41c89f099198e391632188535d"}
{"op":"archived-original","src":"C:\\Users\\soren\\google-drive-mcp\\docs\\BENCHMARKS.md","archive":"C:\\Users\\soren\\archive\\docs-legacy-2026-05-04T03-06-29-830Z\\orig\\BENCHMARKS.md"}
{"op":"copied","src":"C:\\Users\\soren\\google-drive-mcp\\docs\\CHANGELOG_TEMPLATE.md","dest":"C:\\Users\\soren\\docs\\release\\CHANGELOG_TEMPLATE.md","srcHash":"514424dc6365626eb8e7a6a3d6606151e72a29b0"}
{"op":"archived-original","src":"C:\\Users\\soren\\google-drive-mcp\\docs\\CHANGELOG_TEMPLATE.md","archive":"C:\\Users\\soren\\archive\\docs-legacy-2026-05-04T03-06-29-830Z\\orig\\CHANGELOG_TEMPLATE.md"}
{"op":"copied","src":"C:\\Users\\soren\\google-drive-mcp\\docs\\CODE_OF_CONDUCT.md","dest":"C:\\Users\\soren\\docs\\assets\\examples\\CODE_OF_CONDUCT.md","srcHash":"56fcf9c6d43aa4f581b01f36e54731e56e4960a2"}
{"op":"archived-original","src":"C:\\Users\\soren\\google-drive-mcp\\docs\\CODE_OF_CONDUCT.md","archive":"C:\\Users\\soren\\archive\\docs-legacy-2026-05-04T03-06-29-830Z\\orig\\CODE_OF_CONDUCT.md"}
{"op":"copied","src":"C:\\Users\\soren\\google-drive-mcp\\docs\\CONFIG.md","dest":"C:\\Users\\soren\\docs\\assets\\examples\\CONFIG.md","srcHash":"c83a9164859435a5403cdeb655179987ba60da41"}
{"op":"archived-original","src":"C:\\Users\\soren\\google-drive-mcp\\docs\\CONFIG.md","archive":"C:\\Users\\soren\\archive\\docs-legacy-2026-05-04T03-06-29-830Z\\orig\\CONFIG.md"}
{"op":"copied","src":"C:\\Users\\soren\\google-drive-mcp\\docs\\CONTRIBUTING.md","dest":"C:\\Users\\soren\\docs\\CONTRIBUTING.md","srcHash":"1890fee3b7d93e56a7b13420ec1e3a0e98830a7d"}
{"op":"archived-original","src":"C:\\Users\\soren\\google-drive-mcp\\docs\\CONTRIBUTING.md","archive":"C:\\Users\\soren\\archive\\docs-legacy-2026-05-04T03-06-29-830Z\\orig\\CONTRIBUTING.md"}
{"op":"copied","src":"C:\\Users\\soren\\google-drive-mcp\\docs\\CONTRIBUTOR_ROLES.md","dest":"C:\\Users\\soren\\docs\\assets\\examples\\CONTRIBUTOR_ROLES.md","srcHash":"168150fa4cb1951592d4decc6506ddf6ba136e23"}
{"op":"archived-original","src":"C:\\Users\\soren\\google-drive-mcp\\docs\\CONTRIBUTOR_ROLES.md","archive":"C:\\Users\\soren\\archive\\docs-legacy-2026-05-04T03-06-29-830Z\\orig\\CONTRIBUTOR_ROLES.md"}
{"op":"copied","src":"C:\\Users\\soren\\google-drive-mcp\\docs\\Daily Logs\\CIC-Business-Development-Log_2026_04_21.md","dest":"C:\\Users\\soren\\docs\\assets\\examples\\Daily Logs\\CIC-Business-Development-Log_2026_04_21.md","srcHash":"0c71609a6687b18c84450d5ab49247d419cca379"}
{"op":"archived-original","src":"C:\\Users\\soren\\google-drive-mcp\\docs\\Daily Logs\\CIC-Business-Development-Log_2026_04_21.md","archive":"C:\\Users\\soren\\archive\\docs-legacy-2026-05-04T03-06-29-830Z\\orig\\Daily Logs\\CIC-Business-Development-Log_2026_04_21.md"}
{"op":"copied","src":"C:\\Users\\soren\\google-drive-mcp\\docs\\Daily Logs\\CIC-Business-Development-Log_2026_04_26.md","dest":"C:\\Users\\soren\\docs\\assets\\examples\\Daily Logs\\CIC-Business-Development-Log_2026_04_26.md","srcHash":"b92789a3baa9adcf41b9b6f2f75f3b11bb5c8142"}
{"op":"archived-original","src":"C:\\Users\\soren\\google-drive-mcp\\docs\\Daily Logs\\CIC-Business-Development-Log_2026_04_26.md","archive":"C:\\Users\\soren\\archive\\docs-legacy-2026-05-04T03-06-29-830Z\\orig\\Daily Logs\\CIC-Business-Development-Log_2026_04_26.md"}
{"op":"copied","src":"C:\\Users\\soren\\google-drive-mcp\\docs\\Daily Logs\\Daily-Business-Development-Log.md","dest":"C:\\Users\\soren\\docs\\assets\\examples\\Daily Logs\\Daily-Business-Development-Log.md","srcHash":"d78f9848263c1e328cfc993a88b2c12a3b2d94a3"}
{"op":"archived-original","src":"C:\\Users\\soren\\google-drive-mcp\\docs\\Daily Logs\\Daily-Business-Development-Log.md","archive":"C:\\Users\\soren\\archive\\docs-legacy-2026-05-04T03-06-29-830Z\\orig\\Daily Logs\\Daily-Business-Development-Log.md"}
{"op":"copied","src":"C:\\Users\\soren\\google-drive-mcp\\docs\\Daily Logs\\daily-log-index.md","dest":"C:\\Users\\soren\\docs\\assets\\examples\\Daily Logs\\daily-log-index.md","srcHash":"5471d75dc9a1782e26a672e00d7ec342abbcfce8"}
{"op":"archived-original","src":"C:\\Users\\soren\\google-drive-mcp\\docs\\Daily Logs\\daily-log-index.md","archive":"C:\\Users\\soren\\archive\\docs-legacy-2026-05-04T03-06-29-830Z\\orig\\Daily Logs\\daily-log-index.md"}
{"op":"copied","src":"C:\\Users\\soren\\google-drive-mcp\\docs\\Daily Logs\\daily-log-template.md","dest":"C:\\Users\\soren\\docs\\assets\\examples\\Daily Logs\\daily-log-template.md","srcHash":"86092d5ab29c394ceaba54e322e555e85e3464f2"}
{"op":"archived-original","src":"C:\\Users\\soren\\google-drive-mcp\\docs\\Daily Logs\\daily-log-template.md","archive":"C:\\Users\\soren\\archive\\docs-legacy-2026-05-04T03-06-29-830Z\\orig\\Daily Logs\\daily-log-template.md"}
{"op":"skip-ext","file":"C:\\Users\\soren\\google-drive-mcp\\docs\\Daily Logs\\new-daily-log.sh"}
{"op":"skip-ext","file":"C:\\Users\\soren\\google-drive-mcp\\docs\\Daily Logs\\scripts\\new-daily-log.ps1"}
{"op":"skip-ext","file":"C:\\Users\\soren\\google-drive-mcp\\docs\\Daily Logs\\scripts\\new-daily-log.sh"}
{"op":"skip-ext","file":"C:\\Users\\soren\\google-drive-mcp\\docs\\Daily Logs\\scripts\\sync-cic-log.ps1"}
{"op":"skip-ext","file":"C:\\Users\\soren\\google-drive-mcp\\docs\\Daily Logs\\scripts\\sync-cic-log.sh"}
{"op":"skip-ext","file":"C:\\Users\\soren\\google-drive-mcp\\docs\\Daily Logs\\scripts\\upgrade-daily-research.ps1"}
{"op":"skip-ext","file":"C:\\Users\\soren\\google-drive-mcp\\docs\\Daily Logs\\setup-cic-cron.sh"}
{"op":"skip-ext","file":"C:\\Users\\soren\\google-drive-mcp\\docs\\Daily Logs\\sync-cic-log.sh"}
{"op":"skip-ext","file":"C:\\Users\\soren\\google-drive-mcp\\docs\\Daily Logs\\sync-log.txt"}
{"op":"copied","src":"C:\\Users\\soren\\google-drive-mcp\\docs\\DESIGN_DECISIONS.md","dest":"C:\\Users\\soren\\docs\\project-brain\\DESIGN_DECISIONS.md","srcHash":"863decf0bc834d682ecb0607447ae2f6a470b925"}
{"op":"archived-original","src":"C:\\Users\\soren\\google-drive-mcp\\docs\\DESIGN_DECISIONS.md","archive":"C:\\Users\\soren\\archive\\docs-legacy-2026-05-04T03-06-29-830Z\\orig\\DESIGN_DECISIONS.md"}
{"op":"copied","src":"C:\\Users\\soren\\google-drive-mcp\\docs\\DEVELOPER_GUIDE.md","dest":"C:\\Users\\soren\\docs\\assets\\examples\\DEVELOPER_GUIDE.md","srcHash":"493c6bce333f63b9350eb2cbadea8793b84fbeff"}
{"op":"archived-original","src":"C:\\Users\\soren\\google-drive-mcp\\docs\\DEVELOPER_GUIDE.md","archive":"C:\\Users\\soren\\archive\\docs-legacy-2026-05-04T03-06-29-830Z\\orig\\DEVELOPER_GUIDE.md"}
{"op":"copied","src":"C:\\Users\\soren\\google-drive-mcp\\docs\\DOCS_INDEX.md","dest":"C:\\Users\\soren\\docs\\DOCS_INDEX.md","srcHash":"27fe5ed575047e679f8000684a548d5c684bb6c6"}
{"op":"archived-original","src":"C:\\Users\\soren\\google-drive-mcp\\docs\\DOCS_INDEX.md","archive":"C:\\Users\\soren\\archive\\docs-legacy-2026-05-04T03-06-29-830Z\\orig\\DOCS_INDEX.md"}
{"op":"copied","src":"C:\\Users\\soren\\google-drive-mcp\\docs\\FOLDER_STRUCTURE.md","dest":"C:\\Users\\soren\\docs\\assets\\examples\\FOLDER_STRUCTURE.md","srcHash":"a97fbd031841bfee37aca987586b40465b6570d5"}
{"op":"archived-original","src":"C:\\Users\\soren\\google-drive-mcp\\docs\\FOLDER_STRUCTURE.md","archive":"C:\\Users\\soren\\archive\\docs-legacy-2026-05-04T03-06-29-830Z\\orig\\FOLDER_STRUCTURE.md"}
{"op":"copied","src":"C:\\Users\\soren\\google-drive-mcp\\docs\\GLOSSARY.md","dest":"C:\\Users\\soren\\docs\\project-brain\\GLOSSARY.md","srcHash":"692934495880b0ca3b9d92d10482d96bd735a5ea"}
{"op":"archived-original","src":"C:\\Users\\soren\\google-drive-mcp\\docs\\GLOSSARY.md","archive":"C:\\Users\\soren\\archive\\docs-legacy-2026-05-04T03-06-29-830Z\\orig\\GLOSSARY.md"}
{"op":"copied","src":"C:\\Users\\soren\\google-drive-mcp\\docs\\GOVERNANCE.md","dest":"C:\\Users\\soren\\docs\\assets\\examples\\GOVERNANCE.md","srcHash":"92039baa6b13815c58691b0b19d6fa6e9aa57871"}
{"op":"archived-original","src":"C:\\Users\\soren\\google-drive-mcp\\docs\\GOVERNANCE.md","archive":"C:\\Users\\soren\\archive\\docs-legacy-2026-05-04T03-06-29-830Z\\orig\\GOVERNANCE.md"}
{"op":"copied","src":"C:\\Users\\soren\\google-drive-mcp\\docs\\HISTORY.md","dest":"C:\\Users\\soren\\docs\\assets\\examples\\HISTORY.md","srcHash":"eee29ef9261878687ca8091303eb3162e27cd829"}
{"op":"archived-original","src":"C:\\Users\\soren\\google-drive-mcp\\docs\\HISTORY.md","archive":"C:\\Users\\soren\\archive\\docs-legacy-2026-05-04T03-06-29-830Z\\orig\\HISTORY.md"}
{"op":"copied","src":"C:\\Users\\soren\\google-drive-mcp\\docs\\INSTALLATION.md","dest":"C:\\Users\\soren\\docs\\INSTALLATION.md","srcHash":"325f50ef12d292de9b9b622fe12c6590640cd122"}
{"op":"archived-original","src":"C:\\Users\\soren\\google-drive-mcp\\docs\\INSTALLATION.md","archive":"C:\\Users\\soren\\archive\\docs-legacy-2026-05-04T03-06-29-830Z\\orig\\INSTALLATION.md"}
{"op":"copied","src":"C:\\Users\\soren\\google-drive-mcp\\docs\\ISSUE_TEMPLATE.md","dest":"C:\\Users\\soren\\docs\\assets\\examples\\ISSUE_TEMPLATE.md","srcHash":"68ba44d8fcc9747e66ef4edcd91208408afe6a23"}
{"op":"archived-original","src":"C:\\Users\\soren\\google-drive-mcp\\docs\\ISSUE_TEMPLATE.md","archive":"C:\\Users\\soren\\archive\\docs-legacy-2026-05-04T03-06-29-830Z\\orig\\ISSUE_TEMPLATE.md"}
{"op":"copied","src":"C:\\Users\\soren\\google-drive-mcp\\docs\\LICENSE.md","dest":"C:\\Users\\soren\\docs\\LICENSE.md","srcHash":"da6f01f9d05b27cb2822a6879ab484570f7e8568"}
{"op":"archived-original","src":"C:\\Users\\soren\\google-drive-mcp\\docs\\LICENSE.md","archive":"C:\\Users\\soren\\archive\\docs-legacy-2026-05-04T03-06-29-830Z\\orig\\LICENSE.md"}
{"op":"copied","src":"C:\\Users\\soren\\google-drive-mcp\\docs\\MCP_INTEGRATION.md","dest":"C:\\Users\\soren\\docs\\assets\\examples\\MCP_INTEGRATION.md","srcHash":"aafe2cfa39920b19b2b66ed8dfc8b1da0bb75e33"}
{"op":"archived-original","src":"C:\\Users\\soren\\google-drive-mcp\\docs\\MCP_INTEGRATION.md","archive":"C:\\Users\\soren\\archive\\docs-legacy-2026-05-04T03-06-29-830Z\\orig\\MCP_INTEGRATION.md"}
{"op":"copied","src":"C:\\Users\\soren\\google-drive-mcp\\docs\\MODULES.md","dest":"C:\\Users\\soren\\docs\\assets\\examples\\MODULES.md","srcHash":"e1f4f8aa66cefb8cbb85a20dcec54a50b01ebee0"}
{"op":"archived-original","src":"C:\\Users\\soren\\google-drive-mcp\\docs\\MODULES.md","archive":"C:\\Users\\soren\\archive\\docs-legacy-2026-05-04T03-06-29-830Z\\orig\\MODULES.md"}
{"op":"copied","src":"C:\\Users\\soren\\google-drive-mcp\\docs\\PULL_REQUEST_TEMPLATE.md","dest":"C:\\Users\\soren\\docs\\assets\\examples\\PULL_REQUEST_TEMPLATE.md","srcHash":"9edb2e2f68d18fb38be08be2f04b5e25fbc07a4d"}
{"op":"archived-original","src":"C:\\Users\\soren\\google-drive-mcp\\docs\\PULL_REQUEST_TEMPLATE.md","archive":"C:\\Users\\soren\\archive\\docs-legacy-2026-05-04T03-06-29-830Z\\orig\\PULL_REQUEST_TEMPLATE.md"}
{"op":"copied","src":"C:\\Users\\soren\\google-drive-mcp\\docs\\README.md","dest":"C:\\Users\\soren\\docs\\README.md","srcHash":"69e22ff13e03a5c0e186da97d9d622a046b54838"}
{"op":"archived-original","src":"C:\\Users\\soren\\google-drive-mcp\\docs\\README.md","archive":"C:\\Users\\soren\\archive\\docs-legacy-2026-05-04T03-06-29-830Z\\orig\\README.md"}
{"op":"copied","src":"C:\\Users\\soren\\google-drive-mcp\\docs\\RELEASE_PROCESS.md","dest":"C:\\Users\\soren\\docs\\release\\RELEASE_PROCESS.md","srcHash":"13c6446aa46678120838bc639453c0f4776c0203"}
{"op":"archived-original","src":"C:\\Users\\soren\\google-drive-mcp\\docs\\RELEASE_PROCESS.md","archive":"C:\\Users\\soren\\archive\\docs-legacy-2026-05-04T03-06-29-830Z\\orig\\RELEASE_PROCESS.md"}
{"op":"copied","src":"C:\\Users\\soren\\google-drive-mcp\\docs\\RewriteLabs\\AI\\CHANGELOG.md","dest":"C:\\Users\\soren\\docs\\assets\\examples\\RewriteLabs\\AI\\CHANGELOG.md","srcHash":"41ae558934588672a57fe88224f15659a31d31f1"}
{"op":"archived-original","src":"C:\\Users\\soren\\google-drive-mcp\\docs\\RewriteLabs\\AI\\CHANGELOG.md","archive":"C:\\Users\\soren\\archive\\docs-legacy-2026-05-04T03-06-29-830Z\\orig\\RewriteLabs\\AI\\CHANGELOG.md"}
{"op":"copied","src":"C:\\Users\\soren\\google-drive-mcp\\docs\\RewriteLabs\\API\\CHANGELOG.md","dest":"C:\\Users\\soren\\docs\\assets\\examples\\RewriteLabs\\API\\CHANGELOG.md","srcHash":"41ae558934588672a57fe88224f15659a31d31f1"}
{"op":"archived-original","src":"C:\\Users\\soren\\google-drive-mcp\\docs\\RewriteLabs\\API\\CHANGELOG.md","archive":"C:\\Users\\soren\\archive\\docs-legacy-2026-05-04T03-06-29-830Z\\orig\\RewriteLabs\\API\\CHANGELOG.md"}
{"op":"copied","src":"C:\\Users\\soren\\google-drive-mcp\\docs\\RewriteLabs\\ARCHITECTURE\\CHANGELOG.md","dest":"C:\\Users\\soren\\docs\\assets\\examples\\RewriteLabs\\ARCHITECTURE\\CHANGELOG.md","srcHash":"41ae558934588672a57fe88224f15659a31d31f1"}
{"op":"archived-original","src":"C:\\Users\\soren\\google-drive-mcp\\docs\\RewriteLabs\\ARCHITECTURE\\CHANGELOG.md","archive":"C:\\Users\\soren\\archive\\docs-legacy-2026-05-04T03-06-29-830Z\\orig\\RewriteLabs\\ARCHITECTURE\\CHANGELOG.md"}
{"op":"copied","src":"C:\\Users\\soren\\google-drive-mcp\\docs\\RewriteLabs\\DASHBOARD\\CHANGELOG.md","dest":"C:\\Users\\soren\\docs\\assets\\examples\\RewriteLabs\\DASHBOARD\\CHANGELOG.md","srcHash":"41ae558934588672a57fe88224f15659a31d31f1"}
{"op":"archived-original","src":"C:\\Users\\soren\\google-drive-mcp\\docs\\RewriteLabs\\DASHBOARD\\CHANGELOG.md","archive":"C:\\Users\\soren\\archive\\docs-legacy-2026-05-04T03-06-29-830Z\\orig\\RewriteLabs\\DASHBOARD\\CHANGELOG.md"}
{"op":"copied","src":"C:\\Users\\soren\\google-drive-mcp\\docs\\RewriteLabs\\Docs Home.md","dest":"C:\\Users\\soren\\docs\\assets\\examples\\RewriteLabs\\Docs Home.md","srcHash":"4c7dcfe23e05d8718243a71f7c7cab95e632df1f"}
{"op":"archived-original","src":"C:\\Users\\soren\\google-drive-mcp\\docs\\RewriteLabs\\Docs Home.md","archive":"C:\\Users\\soren\\archive\\docs-legacy-2026-05-04T03-06-29-830Z\\orig\\RewriteLabs\\Docs Home.md"}
{"op":"copied","src":"C:\\Users\\soren\\google-drive-mcp\\docs\\RewriteLabs\\INDEX.md","dest":"C:\\Users\\soren\\docs\\assets\\examples\\RewriteLabs\\INDEX.md","srcHash":"916569e0aec888a235bc8f5fc71326dd43166fe8"}
{"op":"archived-original","src":"C:\\Users\\soren\\google-drive-mcp\\docs\\RewriteLabs\\INDEX.md","archive":"C:\\Users\\soren\\archive\\docs-legacy-2026-05-04T03-06-29-830Z\\orig\\RewriteLabs\\INDEX.md"}
{"op":"copied","src":"C:\\Users\\soren\\google-drive-mcp\\docs\\RewriteLabs\\ingestion-index.md","dest":"C:\\Users\\soren\\docs\\assets\\examples\\RewriteLabs\\ingestion-index.md","srcHash":"db3003f10e6143b54f2695353e197b585860ce11"}
{"op":"archived-original","src":"C:\\Users\\soren\\google-drive-mcp\\docs\\RewriteLabs\\ingestion-index.md","archive":"C:\\Users\\soren\\archive\\docs-legacy-2026-05-04T03-06-29-830Z\\orig\\RewriteLabs\\ingestion-index.md"}
{"op":"copied","src":"C:\\Users\\soren\\google-drive-mcp\\docs\\RewriteLabs\\LINTER\\CHANGELOG.md","dest":"C:\\Users\\soren\\docs\\assets\\examples\\RewriteLabs\\LINTER\\CHANGELOG.md","srcHash":"41ae558934588672a57fe88224f15659a31d31f1"}
{"op":"archived-original","src":"C:\\Users\\soren\\google-drive-mcp\\docs\\RewriteLabs\\LINTER\\CHANGELOG.md","archive":"C:\\Users\\soren\\archive\\docs-legacy-2026-05-04T03-06-29-830Z\\orig\\RewriteLabs\\LINTER\\CHANGELOG.md"}
{"op":"copied","src":"C:\\Users\\soren\\google-drive-mcp\\docs\\RewriteLabs\\Manuals\\CHANGELOG.md","dest":"C:\\Users\\soren\\docs\\assets\\examples\\RewriteLabs\\Manuals\\CHANGELOG.md","srcHash":"41ae558934588672a57fe88224f15659a31d31f1"}
{"op":"archived-original","src":"C:\\Users\\soren\\google-drive-mcp\\docs\\RewriteLabs\\Manuals\\CHANGELOG.md","archive":"C:\\Users\\soren\\archive\\docs-legacy-2026-05-04T03-06-29-830Z\\orig\\RewriteLabs\\Manuals\\CHANGELOG.md"}
{"op":"copied","src":"C:\\Users\\soren\\google-drive-mcp\\docs\\RewriteLabs\\OPERATOR_CONSOLE\\CHANGELOG.md","dest":"C:\\Users\\soren\\docs\\assets\\examples\\RewriteLabs\\OPERATOR_CONSOLE\\CHANGELOG.md","srcHash":"41ae558934588672a57fe88224f15659a31d31f1"}
{"op":"archived-original","src":"C:\\Users\\soren\\google-drive-mcp\\docs\\RewriteLabs\\OPERATOR_CONSOLE\\CHANGELOG.md","archive":"C:\\Users\\soren\\archive\\docs-legacy-2026-05-04T03-06-29-830Z\\orig\\RewriteLabs\\OPERATOR_CONSOLE\\CHANGELOG.md"}
{"op":"copied","src":"C:\\Users\\soren\\google-drive-mcp\\docs\\RewriteLabs\\Outreach\\CHANGELOG.md","dest":"C:\\Users\\soren\\docs\\assets\\examples\\RewriteLabs\\Outreach\\CHANGELOG.md","srcHash":"41ae558934588672a57fe88224f15659a31d31f1"}
{"op":"archived-original","src":"C:\\Users\\soren\\google-drive-mcp\\docs\\RewriteLabs\\Outreach\\CHANGELOG.md","archive":"C:\\Users\\soren\\archive\\docs-legacy-2026-05-04T03-06-29-830Z\\orig\\RewriteLabs\\Outreach\\CHANGELOG.md"}
{"op":"copied","src":"C:\\Users\\soren\\google-drive-mcp\\docs\\RewriteLabs\\PLATFORM\\CHANGELOG.md","dest":"C:\\Users\\soren\\docs\\assets\\examples\\RewriteLabs\\PLATFORM\\CHANGELOG.md","srcHash":"41ae558934588672a57fe88224f15659a31d31f1"}
{"op":"archived-original","src":"C:\\Users\\soren\\google-drive-mcp\\docs\\RewriteLabs\\PLATFORM\\CHANGELOG.md","archive":"C:\\Users\\soren\\archive\\docs-legacy-2026-05-04T03-06-29-830Z\\orig\\RewriteLabs\\PLATFORM\\CHANGELOG.md"}
{"op":"copied","src":"C:\\Users\\soren\\google-drive-mcp\\docs\\RewriteLabs\\PORTAL\\CHANGELOG.md","dest":"C:\\Users\\soren\\docs\\assets\\examples\\RewriteLabs\\PORTAL\\CHANGELOG.md","srcHash":"41ae558934588672a57fe88224f15659a31d31f1"}
{"op":"archived-original","src":"C:\\Users\\soren\\google-drive-mcp\\docs\\RewriteLabs\\PORTAL\\CHANGELOG.md","archive":"C:\\Users\\soren\\archive\\docs-legacy-2026-05-04T03-06-29-830Z\\orig\\RewriteLabs\\PORTAL\\CHANGELOG.md"}
{"op":"copied","src":"C:\\Users\\soren\\google-drive-mcp\\docs\\RewriteLabs\\QA\\CHANGELOG.md","dest":"C:\\Users\\soren\\docs\\assets\\examples\\RewriteLabs\\QA\\CHANGELOG.md","srcHash":"41ae558934588672a57fe88224f15659a31d31f1"}
{"op":"archived-original","src":"C:\\Users\\soren\\google-drive-mcp\\docs\\RewriteLabs\\QA\\CHANGELOG.md","archive":"C:\\Users\\soren\\archive\\docs-legacy-2026-05-04T03-06-29-830Z\\orig\\RewriteLabs\\QA\\CHANGELOG.md"}
{"op":"copied","src":"C:\\Users\\soren\\google-drive-mcp\\docs\\RewriteLabs\\Roadmaps\\CHANGELOG.md","dest":"C:\\Users\\soren\\docs\\assets\\examples\\RewriteLabs\\Roadmaps\\CHANGELOG.md","srcHash":"41ae558934588672a57fe88224f15659a31d31f1"}
{"op":"archived-original","src":"C:\\Users\\soren\\google-drive-mcp\\docs\\RewriteLabs\\Roadmaps\\CHANGELOG.md","archive":"C:\\Users\\soren\\archive\\docs-legacy-2026-05-04T03-06-29-830Z\\orig\\RewriteLabs\\Roadmaps\\CHANGELOG.md"}
{"op":"copied","src":"C:\\Users\\soren\\google-drive-mcp\\docs\\RewriteLabs\\Roadmaps\\RewriteLabs_Master_Roadmap.md","dest":"C:\\Users\\soren\\docs\\assets\\examples\\RewriteLabs\\Roadmaps\\RewriteLabs_Master_Roadmap.md","srcHash":"9566209cc7fc765a383787202c84b48addbe0dbd"}
{"op":"archived-original","src":"C:\\Users\\soren\\google-drive-mcp\\docs\\RewriteLabs\\Roadmaps\\RewriteLabs_Master_Roadmap.md","archive":"C:\\Users\\soren\\archive\\docs-legacy-2026-05-04T03-06-29-830Z\\orig\\RewriteLabs\\Roadmaps\\RewriteLabs_Master_Roadmap.md"}
{"op":"copied","src":"C:\\Users\\soren\\google-drive-mcp\\docs\\RewriteLabs\\Roadmaps\\ROADMAP.md","dest":"C:\\Users\\soren\\docs\\project-brain\\ROADMAP.md","srcHash":"b98fb232a91ef51e46a334ff944a71b7b95c4477"}
{"op":"archived-original","src":"C:\\Users\\soren\\google-drive-mcp\\docs\\RewriteLabs\\Roadmaps\\ROADMAP.md","archive":"C:\\Users\\soren\\archive\\docs-legacy-2026-05-04T03-06-29-830Z\\orig\\RewriteLabs\\Roadmaps\\ROADMAP.md"}
{"op":"copied","src":"C:\\Users\\soren\\google-drive-mcp\\docs\\RewriteLabs\\SEARCH\\CHANGELOG.md","dest":"C:\\Users\\soren\\docs\\assets\\examples\\RewriteLabs\\SEARCH\\CHANGELOG.md","srcHash":"41ae558934588672a57fe88224f15659a31d31f1"}
{"op":"archived-original","src":"C:\\Users\\soren\\google-drive-mcp\\docs\\RewriteLabs\\SEARCH\\CHANGELOG.md","archive":"C:\\Users\\soren\\archive\\docs-legacy-2026-05-04T03-06-29-830Z\\orig\\RewriteLabs\\SEARCH\\CHANGELOG.md"}
{"op":"copied","src":"C:\\Users\\soren\\google-drive-mcp\\docs\\RewriteLabs\\search-index.json","dest":"C:\\Users\\soren\\docs\\assets\\examples\\RewriteLabs\\search-index.json","srcHash":"54b246fe9704b3a669902655a86b874eecea6936"}
{"op":"archived-original","src":"C:\\Users\\soren\\google-drive-mcp\\docs\\RewriteLabs\\search-index.json","archive":"C:\\Users\\soren\\archive\\docs-legacy-2026-05-04T03-06-29-830Z\\orig\\RewriteLabs\\search-index.json"}
{"op":"copied","src":"C:\\Users\\soren\\google-drive-mcp\\docs\\RewriteLabs\\SITEMAP.md","dest":"C:\\Users\\soren\\docs\\assets\\examples\\RewriteLabs\\SITEMAP.md","srcHash":"ec2da9d00715198ba6f159bb71966fe81d8ddf2f"}
{"op":"archived-original","src":"C:\\Users\\soren\\google-drive-mcp\\docs\\RewriteLabs\\SITEMAP.md","archive":"C:\\Users\\soren\\archive\\docs-legacy-2026-05-04T03-06-29-830Z\\orig\\RewriteLabs\\SITEMAP.md"}
{"op":"copied","src":"C:\\Users\\soren\\google-drive-mcp\\docs\\RewriteLabs\\UI\\CHANGELOG.md","dest":"C:\\Users\\soren\\docs\\assets\\examples\\RewriteLabs\\UI\\CHANGELOG.md","srcHash":"41ae558934588672a57fe88224f15659a31d31f1"}
{"op":"archived-original","src":"C:\\Users\\soren\\google-drive-mcp\\docs\\RewriteLabs\\UI\\CHANGELOG.md","archive":"C:\\Users\\soren\\archive\\docs-legacy-2026-05-04T03-06-29-830Z\\orig\\RewriteLabs\\UI\\CHANGELOG.md"}
{"op":"copied","src":"C:\\Users\\soren\\google-drive-mcp\\docs\\RewriteLabs\\version-manifest.json","dest":"C:\\Users\\soren\\docs\\assets\\examples\\RewriteLabs\\version-manifest.json","srcHash":"9424c36774938882af54e3cc33c62b2b6450e15e"}
{"op":"archived-original","src":"C:\\Users\\soren\\google-drive-mcp\\docs\\RewriteLabs\\version-manifest.json","archive":"C:\\Users\\soren\\archive\\docs-legacy-2026-05-04T03-06-29-830Z\\orig\\RewriteLabs\\version-manifest.json"}
{"op":"copied","src":"C:\\Users\\soren\\google-drive-mcp\\docs\\RewriteLabs_Backup\\2026_04_24_16_59_59\\RewriteLabs\\AI\\Docs AI Integration.md","dest":"C:\\Users\\soren\\docs\\assets\\examples\\RewriteLabs_Backup\\2026_04_24_16_59_59\\RewriteLabs\\AI\\Docs AI Integration.md","srcHash":"78c9fd4ad817a811c0159604c5023a3c0b6331ce"}
{"op":"archived-original","src":"C:\\Users\\soren\\google-drive-mcp\\docs\\RewriteLabs_Backup\\2026_04_24_16_59_59\\RewriteLabs\\AI\\Docs AI Integration.md","archive":"C:\\Users\\soren\\archive\\docs-legacy-2026-05-04T03-06-29-830Z\\orig\\RewriteLabs_Backup\\2026_04_24_16_59_59\\RewriteLabs\\AI\\Docs AI Integration.md"}
{"op":"copied","src":"C:\\Users\\soren\\google-drive-mcp\\docs\\RewriteLabs_Backup\\2026_04_24_16_59_59\\RewriteLabs\\API\\Docs API Specification.md","dest":"C:\\Users\\soren\\docs\\assets\\examples\\RewriteLabs_Backup\\2026_04_24_16_59_59\\RewriteLabs\\API\\Docs API Specification.md","srcHash":"2a3d0deb23897ac15c09da0f24ed467894b20c88"}
{"op":"archived-original","src":"C:\\Users\\soren\\google-drive-mcp\\docs\\RewriteLabs_Backup\\2026_04_24_16_59_59\\RewriteLabs\\API\\Docs API Specification.md","archive":"C:\\Users\\soren\\archive\\docs-legacy-2026-05-04T03-06-29-830Z\\orig\\RewriteLabs_Backup\\2026_04_24_16_59_59\\RewriteLabs\\API\\Docs API Specification.md"}
{"op":"copied","src":"C:\\Users\\soren\\google-drive-mcp\\docs\\RewriteLabs_Backup\\2026_04_24_16_59_59\\RewriteLabs\\ARCHITECTURE\\Docs Architecture Diagram.md","dest":"C:\\Users\\soren\\docs\\assets\\examples\\RewriteLabs_Backup\\2026_04_24_16_59_59\\RewriteLabs\\ARCHITECTURE\\Docs Architecture Diagram.md","srcHash":"437c0cd0cd01a94c566eade64fccfce74186ccc2"}
{"op":"archived-original","src":"C:\\Users\\soren\\google-drive-mcp\\docs\\RewriteLabs_Backup\\2026_04_24_16_59_59\\RewriteLabs\\ARCHITECTURE\\Docs Architecture Diagram.md","archive":"C:\\Users\\soren\\archive\\docs-legacy-2026-05-04T03-06-29-830Z\\orig\\RewriteLabs_Backup\\2026_04_24_16_59_59\\RewriteLabs\\ARCHITECTURE\\Docs Architecture Diagram.md"}
{"op":"copied","src":"C:\\Users\\soren\\google-drive-mcp\\docs\\RewriteLabs_Backup\\2026_04_24_16_59_59\\RewriteLabs\\BACKUP_POLICY.md","dest":"C:\\Users\\soren\\docs\\assets\\examples\\RewriteLabs_Backup\\2026_04_24_16_59_59\\RewriteLabs\\BACKUP_POLICY.md","srcHash":"a7961b0189364b41bb7acb28e3b511ea7d0d962a"}
{"op":"archived-original","src":"C:\\Users\\soren\\google-drive-mcp\\docs\\RewriteLabs_Backup\\2026_04_24_16_59_59\\RewriteLabs\\BACKUP_POLICY.md","archive":"C:\\Users\\soren\\archive\\docs-legacy-2026-05-04T03-06-29-830Z\\orig\\RewriteLabs_Backup\\2026_04_24_16_59_59\\RewriteLabs\\BACKUP_POLICY.md"}
{"op":"copied","src":"C:\\Users\\soren\\google-drive-mcp\\docs\\RewriteLabs_Backup\\2026_04_24_16_59_59\\RewriteLabs\\Docs Home.md","dest":"C:\\Users\\soren\\docs\\assets\\examples\\RewriteLabs_Backup\\2026_04_24_16_59_59\\RewriteLabs\\Docs Home.md","srcHash":"ca261acad2b6e22b2db65f2c986ca0c05dea8292"}
{"op":"archived-original","src":"C:\\Users\\soren\\google-drive-mcp\\docs\\RewriteLabs_Backup\\2026_04_24_16_59_59\\RewriteLabs\\Docs Home.md","archive":"C:\\Users\\soren\\archive\\docs-legacy-2026-05-04T03-06-29-830Z\\orig\\RewriteLabs_Backup\\2026_04_24_16_59_59\\RewriteLabs\\Docs Home.md"}
{"op":"copied","src":"C:\\Users\\soren\\google-drive-mcp\\docs\\RewriteLabs_Backup\\2026_04_24_16_59_59\\RewriteLabs\\Docs Metrics Dashboard Spec.md","dest":"C:\\Users\\soren\\docs\\assets\\examples\\RewriteLabs_Backup\\2026_04_24_16_59_59\\RewriteLabs\\Docs Metrics Dashboard Spec.md","srcHash":"f3c267d31697bb4870951d6123202f87e36c79d9"}
{"op":"archived-original","src":"C:\\Users\\soren\\google-drive-mcp\\docs\\RewriteLabs_Backup\\2026_04_24_16_59_59\\RewriteLabs\\Docs Metrics Dashboard Spec.md","archive":"C:\\Users\\soren\\archive\\docs-legacy-2026-05-04T03-06-29-830Z\\orig\\RewriteLabs_Backup\\2026_04_24_16_59_59\\RewriteLabs\\Docs Metrics Dashboard Spec.md"}
{"op":"copied","src":"C:\\Users\\soren\\google-drive-mcp\\docs\\RewriteLabs_Backup\\2026_04_24_16_59_59\\RewriteLabs\\Docs Search Index Generator.md","dest":"C:\\Users\\soren\\docs\\assets\\examples\\RewriteLabs_Backup\\2026_04_24_16_59_59\\RewriteLabs\\Docs Search Index Generator.md","srcHash":"79b75155772126619676ac9c5bc4a482a8734c17"}
{"op":"archived-original","src":"C:\\Users\\soren\\google-drive-mcp\\docs\\RewriteLabs_Backup\\2026_04_24_16_59_59\\RewriteLabs\\Docs Search Index Generator.md","archive":"C:\\Users\\soren\\archive\\docs-legacy-2026-05-04T03-06-29-830Z\\orig\\RewriteLabs_Backup\\2026_04_24_16_59_59\\RewriteLabs\\Docs Search Index Generator.md"}
{"op":"copied","src":"C:\\Users\\soren\\google-drive-mcp\\docs\\RewriteLabs_Backup\\2026_04_24_16_59_59\\RewriteLabs\\GOVERNANCE.md","dest":"C:\\Users\\soren\\docs\\assets\\examples\\RewriteLabs_Backup\\2026_04_24_16_59_59\\RewriteLabs\\GOVERNANCE.md","srcHash":"f5a6bec97bac37a832a743abde1422c4ca214656"}
{"op":"archived-original","src":"C:\\Users\\soren\\google-drive-mcp\\docs\\RewriteLabs_Backup\\2026_04_24_16_59_59\\RewriteLabs\\GOVERNANCE.md","archive":"C:\\Users\\soren\\archive\\docs-legacy-2026-05-04T03-06-29-830Z\\orig\\RewriteLabs_Backup\\2026_04_24_16_59_59\\RewriteLabs\\GOVERNANCE.md"}
{"op":"copied","src":"C:\\Users\\soren\\google-drive-mcp\\docs\\RewriteLabs_Backup\\2026_04_24_16_59_59\\RewriteLabs\\index.html","dest":"C:\\Users\\soren\\docs\\assets\\examples\\RewriteLabs_Backup\\2026_04_24_16_59_59\\RewriteLabs\\index.html","srcHash":"d82bf339c49703e0e7463a0fa98d1651bb7e088c"}
{"op":"archived-original","src":"C:\\Users\\soren\\google-drive-mcp\\docs\\RewriteLabs_Backup\\2026_04_24_16_59_59\\RewriteLabs\\index.html","archive":"C:\\Users\\soren\\archive\\docs-legacy-2026-05-04T03-06-29-830Z\\orig\\RewriteLabs_Backup\\2026_04_24_16_59_59\\RewriteLabs\\index.html"}
{"op":"copied","src":"C:\\Users\\soren\\google-drive-mcp\\docs\\RewriteLabs_Backup\\2026_04_24_16_59_59\\RewriteLabs\\INDEX.md","dest":"C:\\Users\\soren\\docs\\assets\\examples\\RewriteLabs_Backup\\2026_04_24_16_59_59\\RewriteLabs\\INDEX.md","srcHash":"842c390d27f37d113fd78785c3aa57af9be58aea"}
{"op":"archived-original","src":"C:\\Users\\soren\\google-drive-mcp\\docs\\RewriteLabs_Backup\\2026_04_24_16_59_59\\RewriteLabs\\INDEX.md","archive":"C:\\Users\\soren\\archive\\docs-legacy-2026-05-04T03-06-29-830Z\\orig\\RewriteLabs_Backup\\2026_04_24_16_59_59\\RewriteLabs\\INDEX.md"}
{"op":"copied","src":"C:\\Users\\soren\\google-drive-mcp\\docs\\RewriteLabs_Backup\\2026_04_24_16_59_59\\RewriteLabs\\LINTER\\Docs Linter Rules.md","dest":"C:\\Users\\soren\\docs\\assets\\examples\\RewriteLabs_Backup\\2026_04_24_16_59_59\\RewriteLabs\\LINTER\\Docs Linter Rules.md","srcHash":"650da60a4caf310742b758fb74a7b316df85f974"}
{"op":"archived-original","src":"C:\\Users\\soren\\google-drive-mcp\\docs\\RewriteLabs_Backup\\2026_04_24_16_59_59\\RewriteLabs\\LINTER\\Docs Linter Rules.md","archive":"C:\\Users\\soren\\archive\\docs-legacy-2026-05-04T03-06-29-830Z\\orig\\RewriteLabs_Backup\\2026_04_24_16_59_59\\RewriteLabs\\LINTER\\Docs Linter Rules.md"}
{"op":"copied","src":"C:\\Users\\soren\\google-drive-mcp\\docs\\RewriteLabs_Backup\\2026_04_24_16_59_59\\RewriteLabs\\Manuals\\CHANGELOG.md","dest":"C:\\Users\\soren\\docs\\assets\\examples\\RewriteLabs_Backup\\2026_04_24_16_59_59\\RewriteLabs\\Manuals\\CHANGELOG.md","srcHash":"7782c35626285728f58e560717451b4444ecccf4"}
{"op":"archived-original","src":"C:\\Users\\soren\\google-drive-mcp\\docs\\RewriteLabs_Backup\\2026_04_24_16_59_59\\RewriteLabs\\Manuals\\CHANGELOG.md","archive":"C:\\Users\\soren\\archive\\docs-legacy-2026-05-04T03-06-29-830Z\\orig\\RewriteLabs_Backup\\2026_04_24_16_59_59\\RewriteLabs\\Manuals\\CHANGELOG.md"}
{"op":"skip-ext","file":"C:\\Users\\soren\\google-drive-mcp\\docs\\RewriteLabs_Backup\\2026_04_24_16_59_59\\RewriteLabs\\Manuals\\Rewrite Labs - Master Instructions Manual (Updated with Outreach Automation).txt"}
{"op":"skip-ext","file":"C:\\Users\\soren\\google-drive-mcp\\docs\\RewriteLabs_Backup\\2026_04_24_16_59_59\\RewriteLabs\\mkdocs.yml"}
{"op":"copied","src":"C:\\Users\\soren\\google-drive-mcp\\docs\\RewriteLabs_Backup\\2026_04_24_16_59_59\\RewriteLabs\\OPERATOR_CONSOLE\\Docs API Wiring.md","dest":"C:\\Users\\soren\\docs\\assets\\examples\\RewriteLabs_Backup\\2026_04_24_16_59_59\\RewriteLabs\\OPERATOR_CONSOLE\\Docs API Wiring.md","srcHash":"b9d2c5b64eecd7e74e2b1976e2c1aef4460c8089"}
{"op":"archived-original","src":"C:\\Users\\soren\\google-drive-mcp\\docs\\RewriteLabs_Backup\\2026_04_24_16_59_59\\RewriteLabs\\OPERATOR_CONSOLE\\Docs API Wiring.md","archive":"C:\\Users\\soren\\archive\\docs-legacy-2026-05-04T03-06-29-830Z\\orig\\RewriteLabs_Backup\\2026_04_24_16_59_59\\RewriteLabs\\OPERATOR_CONSOLE\\Docs API Wiring.md"}
{"op":"copied","src":"C:\\Users\\soren\\google-drive-mcp\\docs\\RewriteLabs_Backup\\2026_04_24_16_59_59\\RewriteLabs\\OPERATOR_CONSOLE_INTEGRATION.md","dest":"C:\\Users\\soren\\docs\\assets\\examples\\RewriteLabs_Backup\\2026_04_24_16_59_59\\RewriteLabs\\OPERATOR_CONSOLE_INTEGRATION.md","srcHash":"714b851e2848c87ec601a182c064ab569c80715a"}
{"op":"archived-original","src":"C:\\Users\\soren\\google-drive-mcp\\docs\\RewriteLabs_Backup\\2026_04_24_16_59_59\\RewriteLabs\\OPERATOR_CONSOLE_INTEGRATION.md","archive":"C:\\Users\\soren\\archive\\docs-legacy-2026-05-04T03-06-29-830Z\\orig\\RewriteLabs_Backup\\2026_04_24_16_59_59\\RewriteLabs\\OPERATOR_CONSOLE_INTEGRATION.md"}
{"op":"copied","src":"C:\\Users\\soren\\google-drive-mcp\\docs\\RewriteLabs_Backup\\2026_04_24_16_59_59\\RewriteLabs\\Outreach\\CHANGELOG.md","dest":"C:\\Users\\soren\\docs\\assets\\examples\\RewriteLabs_Backup\\2026_04_24_16_59_59\\RewriteLabs\\Outreach\\CHANGELOG.md","srcHash":"b1f1b402dc6757c5523cd9a91ccf771769acbac6"}
{"op":"archived-original","src":"C:\\Users\\soren\\google-drive-mcp\\docs\\RewriteLabs_Backup\\2026_04_24_16_59_59\\RewriteLabs\\Outreach\\CHANGELOG.md","archive":"C:\\Users\\soren\\archive\\docs-legacy-2026-05-04T03-06-29-830Z\\orig\\RewriteLabs_Backup\\2026_04_24_16_59_59\\RewriteLabs\\Outreach\\CHANGELOG.md"}
{"op":"skip-ext","file":"C:\\Users\\soren\\google-drive-mcp\\docs\\RewriteLabs_Backup\\2026_04_24_16_59_59\\RewriteLabs\\Outreach\\Rewrite Labs - Outreach Automation Playbook.txt"}
{"op":"copied","src":"C:\\Users\\soren\\google-drive-mcp\\docs\\RewriteLabs_Backup\\2026_04_24_16_59_59\\RewriteLabs\\PLATFORM\\Docs Integration Plan.md","dest":"C:\\Users\\soren\\docs\\assets\\examples\\RewriteLabs_Backup\\2026_04_24_16_59_59\\RewriteLabs\\PLATFORM\\Docs Integration Plan.md","srcHash":"1edcb62c30974d3d4c669b4d156f90791211bb34"}
{"op":"archived-original","src":"C:\\Users\\soren\\google-drive-mcp\\docs\\RewriteLabs_Backup\\2026_04_24_16_59_59\\RewriteLabs\\PLATFORM\\Docs Integration Plan.md","archive":"C:\\Users\\soren\\archive\\docs-legacy-2026-05-04T03-06-29-830Z\\orig\\RewriteLabs_Backup\\2026_04_24_16_59_59\\RewriteLabs\\PLATFORM\\Docs Integration Plan.md"}
{"op":"copied","src":"C:\\Users\\soren\\google-drive-mcp\\docs\\RewriteLabs_Backup\\2026_04_24_16_59_59\\RewriteLabs\\PLATFORM\\index.html","dest":"C:\\Users\\soren\\docs\\assets\\examples\\RewriteLabs_Backup\\2026_04_24_16_59_59\\RewriteLabs\\PLATFORM\\index.html","srcHash":"af4e1295a372fb675e06355bd01197a199cd3c66"}
{"op":"archived-original","src":"C:\\Users\\soren\\google-drive-mcp\\docs\\RewriteLabs_Backup\\2026_04_24_16_59_59\\RewriteLabs\\PLATFORM\\index.html","archive":"C:\\Users\\soren\\archive\\docs-legacy-2026-05-04T03-06-29-830Z\\orig\\RewriteLabs_Backup\\2026_04_24_16_59_59\\RewriteLabs\\PLATFORM\\index.html"}
{"op":"copied","src":"C:\\Users\\soren\\google-drive-mcp\\docs\\RewriteLabs_Backup\\2026_04_24_16_59_59\\RewriteLabs\\PLATFORM\\portal.js","dest":"C:\\Users\\soren\\docs\\assets\\examples\\RewriteLabs_Backup\\2026_04_24_16_59_59\\RewriteLabs\\PLATFORM\\portal.js","srcHash":"b9d2c5b64eecd7e74e2b1976e2c1aef4460c8089"}
{"op":"archived-original","src":"C:\\Users\\soren\\google-drive-mcp\\docs\\RewriteLabs_Backup\\2026_04_24_16_59_59\\RewriteLabs\\PLATFORM\\portal.js","archive":"C:\\Users\\soren\\archive\\docs-legacy-2026-05-04T03-06-29-830Z\\orig\\RewriteLabs_Backup\\2026_04_24_16_59_59\\RewriteLabs\\PLATFORM\\portal.js"}
{"op":"skip-ext","file":"C:\\Users\\soren\\google-drive-mcp\\docs\\RewriteLabs_Backup\\2026_04_24_16_59_59\\RewriteLabs\\PLATFORM\\styles.css"}
{"op":"copied","src":"C:\\Users\\soren\\google-drive-mcp\\docs\\RewriteLabs_Backup\\2026_04_24_16_59_59\\RewriteLabs\\PORTAL\\Docs Portal Performance Optimization Plan.md","dest":"C:\\Users\\soren\\docs\\assets\\examples\\RewriteLabs_Backup\\2026_04_24_16_59_59\\RewriteLabs\\PORTAL\\Docs Portal Performance Optimization Plan.md","srcHash":"26a6c1941f190ac87837a3185ec5de0bec8c6faf"}
{"op":"archived-original","src":"C:\\Users\\soren\\google-drive-mcp\\docs\\RewriteLabs_Backup\\2026_04_24_16_59_59\\RewriteLabs\\PORTAL\\Docs Portal Performance Optimization Plan.md","archive":"C:\\Users\\soren\\archive\\docs-legacy-2026-05-04T03-06-29-830Z\\orig\\RewriteLabs_Backup\\2026_04_24_16_59_59\\RewriteLabs\\PORTAL\\Docs Portal Performance Optimization Plan.md"}
{"op":"copied","src":"C:\\Users\\soren\\google-drive-mcp\\docs\\RewriteLabs_Backup\\2026_04_24_16_59_59\\RewriteLabs\\PORTAL\\Docs Portal Search UI Spec.md","dest":"C:\\Users\\soren\\docs\\assets\\examples\\RewriteLabs_Backup\\2026_04_24_16_59_59\\RewriteLabs\\PORTAL\\Docs Portal Search UI Spec.md","srcHash":"34ec7aa9e53cf6321fb94727c5160fef7e8afb2b"}
{"op":"archived-original","src":"C:\\Users\\soren\\google-drive-mcp\\docs\\RewriteLabs_Backup\\2026_04_24_16_59_59\\RewriteLabs\\PORTAL\\Docs Portal Search UI Spec.md","archive":"C:\\Users\\soren\\archive\\docs-legacy-2026-05-04T03-06-29-830Z\\orig\\RewriteLabs_Backup\\2026_04_24_16_59_59\\RewriteLabs\\PORTAL\\Docs Portal Search UI Spec.md"}
{"op":"copied","src":"C:\\Users\\soren\\google-drive-mcp\\docs\\RewriteLabs_Backup\\2026_04_24_16_59_59\\RewriteLabs\\PORTAL\\search.js","dest":"C:\\Users\\soren\\docs\\assets\\examples\\RewriteLabs_Backup\\2026_04_24_16_59_59\\RewriteLabs\\PORTAL\\search.js","srcHash":"0730ac5abe56b26029233a9a5cacaca0f1ce4d09"}
{"op":"archived-original","src":"C:\\Users\\soren\\google-drive-mcp\\docs\\RewriteLabs_Backup\\2026_04_24_16_59_59\\RewriteLabs\\PORTAL\\search.js","archive":"C:\\Users\\soren\\archive\\docs-legacy-2026-05-04T03-06-29-830Z\\orig\\RewriteLabs_Backup\\2026_04_24_16_59_59\\RewriteLabs\\PORTAL\\search.js"}
{"op":"copied","src":"C:\\Users\\soren\\google-drive-mcp\\docs\\RewriteLabs_Backup\\2026_04_24_16_59_59\\RewriteLabs\\QA\\Docs QA Checklist.md","dest":"C:\\Users\\soren\\docs\\assets\\examples\\RewriteLabs_Backup\\2026_04_24_16_59_59\\RewriteLabs\\QA\\Docs QA Checklist.md","srcHash":"eddf349e32d04d6a27fa6d81cfa8349d659bd22e"}
{"op":"archived-original","src":"C:\\Users\\soren\\google-drive-mcp\\docs\\RewriteLabs_Backup\\2026_04_24_16_59_59\\RewriteLabs\\QA\\Docs QA Checklist.md","archive":"C:\\Users\\soren\\archive\\docs-legacy-2026-05-04T03-06-29-830Z\\orig\\RewriteLabs_Backup\\2026_04_24_16_59_59\\RewriteLabs\\QA\\Docs QA Checklist.md"}
{"op":"archived-existing-dest","dest":"C:\\Users\\soren\\docs\\README.md","archive":"C:\\Users\\soren\\archive\\docs-legacy-2026-05-04T03-06-29-830Z\\conflicts\\README.md-existing-69e22ff1.md","destHash":"69e22ff13e03a5c0e186da97d9d622a046b54838"}
{"op":"overwrote-dest-with-canonical","src":"C:\\Users\\soren\\google-drive-mcp\\docs\\RewriteLabs_Backup\\2026_04_24_16_59_59\\RewriteLabs\\README.md","dest":"C:\\Users\\soren\\docs\\README.md","srcHash":"a3fc9b959a0f77895f7de22bbda7f27a444f0b81"}
{"op":"moved-canonical-source-to-archive-provenance","src":"C:\\Users\\soren\\google-drive-mcp\\docs\\RewriteLabs_Backup\\2026_04_24_16_59_59\\RewriteLabs\\README.md","archive":"C:\\Users\\soren\\archive\\docs-legacy-2026-05-04T03-06-29-830Z\\conflicts\\RewriteLabs_Backup\\2026_04_24_16_59_59\\RewriteLabs\\README.md-a3fc9b95"}
{"op":"copied","src":"C:\\Users\\soren\\google-drive-mcp\\docs\\RewriteLabs_Backup\\2026_04_24_16_59_59\\RewriteLabs\\RELEASE_PIPELINE.md","dest":"C:\\Users\\soren\\docs\\assets\\examples\\RewriteLabs_Backup\\2026_04_24_16_59_59\\RewriteLabs\\RELEASE_PIPELINE.md","srcHash":"557ad0f6f36fac1f1d4574e96afb58e345e5b3e4"}
{"op":"archived-original","src":"C:\\Users\\soren\\google-drive-mcp\\docs\\RewriteLabs_Backup\\2026_04_24_16_59_59\\RewriteLabs\\RELEASE_PIPELINE.md","archive":"C:\\Users\\soren\\archive\\docs-legacy-2026-05-04T03-06-29-830Z\\orig\\RewriteLabs_Backup\\2026_04_24_16_59_59\\RewriteLabs\\RELEASE_PIPELINE.md"}
{"op":"copied","src":"C:\\Users\\soren\\google-drive-mcp\\docs\\RewriteLabs_Backup\\2026_04_24_16_59_59\\RewriteLabs\\Roadmaps\\CHANGELOG.md","dest":"C:\\Users\\soren\\docs\\assets\\examples\\RewriteLabs_Backup\\2026_04_24_16_59_59\\RewriteLabs\\Roadmaps\\CHANGELOG.md","srcHash":"9c92c7f28c22e256ea19e97acbf9bc5268978253"}
{"op":"archived-original","src":"C:\\Users\\soren\\google-drive-mcp\\docs\\RewriteLabs_Backup\\2026_04_24_16_59_59\\RewriteLabs\\Roadmaps\\CHANGELOG.md","archive":"C:\\Users\\soren\\archive\\docs-legacy-2026-05-04T03-06-29-830Z\\orig\\RewriteLabs_Backup\\2026_04_24_16_59_59\\RewriteLabs\\Roadmaps\\CHANGELOG.md"}
{"op":"copied","src":"C:\\Users\\soren\\google-drive-mcp\\docs\\RewriteLabs_Backup\\2026_04_24_16_59_59\\RewriteLabs\\Roadmaps\\Docs Automation Roadmap.md","dest":"C:\\Users\\soren\\docs\\assets\\examples\\RewriteLabs_Backup\\2026_04_24_16_59_59\\RewriteLabs\\Roadmaps\\Docs Automation Roadmap.md","srcHash":"b86ad067872ed629d5102979b473b252c1dc82ff"}
{"op":"archived-original","src":"C:\\Users\\soren\\google-drive-mcp\\docs\\RewriteLabs_Backup\\2026_04_24_16_59_59\\RewriteLabs\\Roadmaps\\Docs Automation Roadmap.md","archive":"C:\\Users\\soren\\archive\\docs-legacy-2026-05-04T03-06-29-830Z\\orig\\RewriteLabs_Backup\\2026_04_24_16_59_59\\RewriteLabs\\Roadmaps\\Docs Automation Roadmap.md"}
{"op":"skip-ext","file":"C:\\Users\\soren\\google-drive-mcp\\docs\\RewriteLabs_Backup\\2026_04_24_16_59_59\\RewriteLabs\\Roadmaps\\Rewrite Labs - Master Roadmap (Updated with Outreach Automation Track).txt"}
{"op":"copied","src":"C:\\Users\\soren\\google-drive-mcp\\docs\\RewriteLabs_Backup\\2026_04_24_16_59_59\\RewriteLabs\\SITEMAP.md","dest":"C:\\Users\\soren\\docs\\assets\\examples\\RewriteLabs_Backup\\2026_04_24_16_59_59\\RewriteLabs\\SITEMAP.md","srcHash":"88518c7d0f2107da074ed48c7de02c39764abd29"}
{"op":"archived-original","src":"C:\\Users\\soren\\google-drive-mcp\\docs\\RewriteLabs_Backup\\2026_04_24_16_59_59\\RewriteLabs\\SITEMAP.md","archive":"C:\\Users\\soren\\archive\\docs-legacy-2026-05-04T03-06-29-830Z\\orig\\RewriteLabs_Backup\\2026_04_24_16_59_59\\RewriteLabs\\SITEMAP.md"}
{"op":"copied","src":"C:\\Users\\soren\\google-drive-mcp\\docs\\RewriteLabs_Backup\\2026_04_24_16_59_59\\RewriteLabs\\UI\\Docs Automation Roadmap.md","dest":"C:\\Users\\soren\\docs\\assets\\examples\\RewriteLabs_Backup\\2026_04_24_16_59_59\\RewriteLabs\\UI\\Docs Automation Roadmap.md","srcHash":"e24927e4f8edf308d77463225f509acc3e7162f4"}
{"op":"archived-original","src":"C:\\Users\\soren\\google-drive-mcp\\docs\\RewriteLabs_Backup\\2026_04_24_16_59_59\\RewriteLabs\\UI\\Docs Automation Roadmap.md","archive":"C:\\Users\\soren\\archive\\docs-legacy-2026-05-04T03-06-29-830Z\\orig\\RewriteLabs_Backup\\2026_04_24_16_59_59\\RewriteLabs\\UI\\Docs Automation Roadmap.md"}
{"op":"copied","src":"C:\\Users\\soren\\google-drive-mcp\\docs\\RewriteLabs_Backup\\2026_04_24_16_59_59\\RewriteLabs\\UI\\Docs Dashboard Spec.md","dest":"C:\\Users\\soren\\docs\\assets\\examples\\RewriteLabs_Backup\\2026_04_24_16_59_59\\RewriteLabs\\UI\\Docs Dashboard Spec.md","srcHash":"437c0cd0cd01a94c566eade64fccfce74186ccc2"}
{"op":"archived-original","src":"C:\\Users\\soren\\google-drive-mcp\\docs\\RewriteLabs_Backup\\2026_04_24_16_59_59\\RewriteLabs\\UI\\Docs Dashboard Spec.md","archive":"C:\\Users\\soren\\archive\\docs-legacy-2026-05-04T03-06-29-830Z\\orig\\RewriteLabs_Backup\\2026_04_24_16_59_59\\RewriteLabs\\UI\\Docs Dashboard Spec.md"}
{"op":"skip-ext","file":"C:\\Users\\soren\\google-drive-mcp\\docs\\RewriteLabs_Backup\\2026_04_24_16_59_59\\RewriteLabs\\UI\\Operator Console Mock UI.txt"}
{"op":"copied","src":"C:\\Users\\soren\\google-drive-mcp\\docs\\RewriteLabs_Backup\\2026_04_24_16_59_59\\RewriteLabs\\version-manifest.json","dest":"C:\\Users\\soren\\docs\\assets\\examples\\RewriteLabs_Backup\\2026_04_24_16_59_59\\RewriteLabs\\version-manifest.json","srcHash":"620b529d0936e543afd1e494ee533b7ba947f616"}
{"op":"archived-original","src":"C:\\Users\\soren\\google-drive-mcp\\docs\\RewriteLabs_Backup\\2026_04_24_16_59_59\\RewriteLabs\\version-manifest.json","archive":"C:\\Users\\soren\\archive\\docs-legacy-2026-05-04T03-06-29-830Z\\orig\\RewriteLabs_Backup\\2026_04_24_16_59_59\\RewriteLabs\\version-manifest.json"}
{"op":"copied","src":"C:\\Users\\soren\\google-drive-mcp\\docs\\RewriteLabs_Backup\\2026_04_24_16_59_59\\RewriteLabs\\VERSIONING.md","dest":"C:\\Users\\soren\\docs\\assets\\examples\\RewriteLabs_Backup\\2026_04_24_16_59_59\\RewriteLabs\\VERSIONING.md","srcHash":"cac03bd0a38ffb3631372bb62eec9245e93f5bac"}
{"op":"archived-original","src":"C:\\Users\\soren\\google-drive-mcp\\docs\\RewriteLabs_Backup\\2026_04_24_16_59_59\\RewriteLabs\\VERSIONING.md","archive":"C:\\Users\\soren\\archive\\docs-legacy-2026-05-04T03-06-29-830Z\\orig\\RewriteLabs_Backup\\2026_04_24_16_59_59\\RewriteLabs\\VERSIONING.md"}
{"op":"copied","src":"C:\\Users\\soren\\google-drive-mcp\\docs\\RewriteLabs_Backup\\2026_04_24_17_28_31\\RewriteLabs\\AI\\Docs AI Integration.md","dest":"C:\\Users\\soren\\docs\\assets\\examples\\RewriteLabs_Backup\\2026_04_24_17_28_31\\RewriteLabs\\AI\\Docs AI Integration.md","srcHash":"78c9fd4ad817a811c0159604c5023a3c0b6331ce"}
{"op":"archived-original","src":"C:\\Users\\soren\\google-drive-mcp\\docs\\RewriteLabs_Backup\\2026_04_24_17_28_31\\RewriteLabs\\AI\\Docs AI Integration.md","archive":"C:\\Users\\soren\\archive\\docs-legacy-2026-05-04T03-06-29-830Z\\orig\\RewriteLabs_Backup\\2026_04_24_17_28_31\\RewriteLabs\\AI\\Docs AI Integration.md"}
{"op":"copied","src":"C:\\Users\\soren\\google-drive-mcp\\docs\\RewriteLabs_Backup\\2026_04_24_17_28_31\\RewriteLabs\\API\\Docs API Specification.md","dest":"C:\\Users\\soren\\docs\\assets\\examples\\RewriteLabs_Backup\\2026_04_24_17_28_31\\RewriteLabs\\API\\Docs API Specification.md","srcHash":"2a3d0deb23897ac15c09da0f24ed467894b20c88"}
{"op":"archived-original","src":"C:\\Users\\soren\\google-drive-mcp\\docs\\RewriteLabs_Backup\\2026_04_24_17_28_31\\RewriteLabs\\API\\Docs API Specification.md","archive":"C:\\Users\\soren\\archive\\docs-legacy-2026-05-04T03-06-29-830Z\\orig\\RewriteLabs_Backup\\2026_04_24_17_28_31\\RewriteLabs\\API\\Docs API Specification.md"}
{"op":"copied","src":"C:\\Users\\soren\\google-drive-mcp\\docs\\RewriteLabs_Backup\\2026_04_24_17_28_31\\RewriteLabs\\ARCHITECTURE\\Docs Architecture Diagram.md","dest":"C:\\Users\\soren\\docs\\assets\\examples\\RewriteLabs_Backup\\2026_04_24_17_28_31\\RewriteLabs\\ARCHITECTURE\\Docs Architecture Diagram.md","srcHash":"437c0cd0cd01a94c566eade64fccfce74186ccc2"}
{"op":"archived-original","src":"C:\\Users\\soren\\google-drive-mcp\\docs\\RewriteLabs_Backup\\2026_04_24_17_28_31\\RewriteLabs\\ARCHITECTURE\\Docs Architecture Diagram.md","archive":"C:\\Users\\soren\\archive\\docs-legacy-2026-05-04T03-06-29-830Z\\orig\\RewriteLabs_Backup\\2026_04_24_17_28_31\\RewriteLabs\\ARCHITECTURE\\Docs Architecture Diagram.md"}
{"op":"copied","src":"C:\\Users\\soren\\google-drive-mcp\\docs\\RewriteLabs_Backup\\2026_04_24_17_28_31\\RewriteLabs\\BACKUP_POLICY.md","dest":"C:\\Users\\soren\\docs\\assets\\examples\\RewriteLabs_Backup\\2026_04_24_17_28_31\\RewriteLabs\\BACKUP_POLICY.md","srcHash":"a7961b0189364b41bb7acb28e3b511ea7d0d962a"}
{"op":"archived-original","src":"C:\\Users\\soren\\google-drive-mcp\\docs\\RewriteLabs_Backup\\2026_04_24_17_28_31\\RewriteLabs\\BACKUP_POLICY.md","archive":"C:\\Users\\soren\\archive\\docs-legacy-2026-05-04T03-06-29-830Z\\orig\\RewriteLabs_Backup\\2026_04_24_17_28_31\\RewriteLabs\\BACKUP_POLICY.md"}
{"op":"copied","src":"C:\\Users\\soren\\google-drive-mcp\\docs\\RewriteLabs_Backup\\2026_04_24_17_28_31\\RewriteLabs\\Docs Home.md","dest":"C:\\Users\\soren\\docs\\assets\\examples\\RewriteLabs_Backup\\2026_04_24_17_28_31\\RewriteLabs\\Docs Home.md","srcHash":"ca261acad2b6e22b2db65f2c986ca0c05dea8292"}
{"op":"archived-original","src":"C:\\Users\\soren\\google-drive-mcp\\docs\\RewriteLabs_Backup\\2026_04_24_17_28_31\\RewriteLabs\\Docs Home.md","archive":"C:\\Users\\soren\\archive\\docs-legacy-2026-05-04T03-06-29-830Z\\orig\\RewriteLabs_Backup\\2026_04_24_17_28_31\\RewriteLabs\\Docs Home.md"}
{"op":"copied","src":"C:\\Users\\soren\\google-drive-mcp\\docs\\RewriteLabs_Backup\\2026_04_24_17_28_31\\RewriteLabs\\Docs Metrics Dashboard Spec.md","dest":"C:\\Users\\soren\\docs\\assets\\examples\\RewriteLabs_Backup\\2026_04_24_17_28_31\\RewriteLabs\\Docs Metrics Dashboard Spec.md","srcHash":"f3c267d31697bb4870951d6123202f87e36c79d9"}
{"op":"archived-original","src":"C:\\Users\\soren\\google-drive-mcp\\docs\\RewriteLabs_Backup\\2026_04_24_17_28_31\\RewriteLabs\\Docs Metrics Dashboard Spec.md","archive":"C:\\Users\\soren\\archive\\docs-legacy-2026-05-04T03-06-29-830Z\\orig\\RewriteLabs_Backup\\2026_04_24_17_28_31\\RewriteLabs\\Docs Metrics Dashboard Spec.md"}
{"op":"copied","src":"C:\\Users\\soren\\google-drive-mcp\\docs\\RewriteLabs_Backup\\2026_04_24_17_28_31\\RewriteLabs\\Docs Search Index Generator.md","dest":"C:\\Users\\soren\\docs\\assets\\examples\\RewriteLabs_Backup\\2026_04_24_17_28_31\\RewriteLabs\\Docs Search Index Generator.md","srcHash":"79b75155772126619676ac9c5bc4a482a8734c17"}
{"op":"archived-original","src":"C:\\Users\\soren\\google-drive-mcp\\docs\\RewriteLabs_Backup\\2026_04_24_17_28_31\\RewriteLabs\\Docs Search Index Generator.md","archive":"C:\\Users\\soren\\archive\\docs-legacy-2026-05-04T03-06-29-830Z\\orig\\RewriteLabs_Backup\\2026_04_24_17_28_31\\RewriteLabs\\Docs Search Index Generator.md"}
{"op":"copied","src":"C:\\Users\\soren\\google-drive-mcp\\docs\\RewriteLabs_Backup\\2026_04_24_17_28_31\\RewriteLabs\\GOVERNANCE.md","dest":"C:\\Users\\soren\\docs\\assets\\examples\\RewriteLabs_Backup\\2026_04_24_17_28_31\\RewriteLabs\\GOVERNANCE.md","srcHash":"f5a6bec97bac37a832a743abde1422c4ca214656"}
{"op":"archived-original","src":"C:\\Users\\soren\\google-drive-mcp\\docs\\RewriteLabs_Backup\\2026_04_24_17_28_31\\RewriteLabs\\GOVERNANCE.md","archive":"C:\\Users\\soren\\archive\\docs-legacy-2026-05-04T03-06-29-830Z\\orig\\RewriteLabs_Backup\\2026_04_24_17_28_31\\RewriteLabs\\GOVERNANCE.md"}
{"op":"copied","src":"C:\\Users\\soren\\google-drive-mcp\\docs\\RewriteLabs_Backup\\2026_04_24_17_28_31\\RewriteLabs\\index.html","dest":"C:\\Users\\soren\\docs\\assets\\examples\\RewriteLabs_Backup\\2026_04_24_17_28_31\\RewriteLabs\\index.html","srcHash":"d82bf339c49703e0e7463a0fa98d1651bb7e088c"}
{"op":"archived-original","src":"C:\\Users\\soren\\google-drive-mcp\\docs\\RewriteLabs_Backup\\2026_04_24_17_28_31\\RewriteLabs\\index.html","archive":"C:\\Users\\soren\\archive\\docs-legacy-2026-05-04T03-06-29-830Z\\orig\\RewriteLabs_Backup\\2026_04_24_17_28_31\\RewriteLabs\\index.html"}
{"op":"copied","src":"C:\\Users\\soren\\google-drive-mcp\\docs\\RewriteLabs_Backup\\2026_04_24_17_28_31\\RewriteLabs\\INDEX.md","dest":"C:\\Users\\soren\\docs\\assets\\examples\\RewriteLabs_Backup\\2026_04_24_17_28_31\\RewriteLabs\\INDEX.md","srcHash":"842c390d27f37d113fd78785c3aa57af9be58aea"}
{"op":"archived-original","src":"C:\\Users\\soren\\google-drive-mcp\\docs\\RewriteLabs_Backup\\2026_04_24_17_28_31\\RewriteLabs\\INDEX.md","archive":"C:\\Users\\soren\\archive\\docs-legacy-2026-05-04T03-06-29-830Z\\orig\\RewriteLabs_Backup\\2026_04_24_17_28_31\\RewriteLabs\\INDEX.md"}
{"op":"copied","src":"C:\\Users\\soren\\google-drive-mcp\\docs\\RewriteLabs_Backup\\2026_04_24_17_28_31\\RewriteLabs\\LINTER\\Docs Linter Rules.md","dest":"C:\\Users\\soren\\docs\\assets\\examples\\RewriteLabs_Backup\\2026_04_24_17_28_31\\RewriteLabs\\LINTER\\Docs Linter Rules.md","srcHash":"650da60a4caf310742b758fb74a7b316df85f974"}
{"op":"archived-original","src":"C:\\Users\\soren\\google-drive-mcp\\docs\\RewriteLabs_Backup\\2026_04_24_17_28_31\\RewriteLabs\\LINTER\\Docs Linter Rules.md","archive":"C:\\Users\\soren\\archive\\docs-legacy-2026-05-04T03-06-29-830Z\\orig\\RewriteLabs_Backup\\2026_04_24_17_28_31\\RewriteLabs\\LINTER\\Docs Linter Rules.md"}
{"op":"copied","src":"C:\\Users\\soren\\google-drive-mcp\\docs\\RewriteLabs_Backup\\2026_04_24_17_28_31\\RewriteLabs\\Manuals\\CHANGELOG.md","dest":"C:\\Users\\soren\\docs\\assets\\examples\\RewriteLabs_Backup\\2026_04_24_17_28_31\\RewriteLabs\\Manuals\\CHANGELOG.md","srcHash":"7782c35626285728f58e560717451b4444ecccf4"}
{"op":"archived-original","src":"C:\\Users\\soren\\google-drive-mcp\\docs\\RewriteLabs_Backup\\2026_04_24_17_28_31\\RewriteLabs\\Manuals\\CHANGELOG.md","archive":"C:\\Users\\soren\\archive\\docs-legacy-2026-05-04T03-06-29-830Z\\orig\\RewriteLabs_Backup\\2026_04_24_17_28_31\\RewriteLabs\\Manuals\\CHANGELOG.md"}
{"op":"skip-ext","file":"C:\\Users\\soren\\google-drive-mcp\\docs\\RewriteLabs_Backup\\2026_04_24_17_28_31\\RewriteLabs\\Manuals\\Rewrite Labs - Master Instructions Manual (Updated with Outreach Automation).txt"}
{"op":"skip-ext","file":"C:\\Users\\soren\\google-drive-mcp\\docs\\RewriteLabs_Backup\\2026_04_24_17_28_31\\RewriteLabs\\mkdocs.yml"}
{"op":"copied","src":"C:\\Users\\soren\\google-drive-mcp\\docs\\RewriteLabs_Backup\\2026_04_24_17_28_31\\RewriteLabs\\OPERATOR_CONSOLE\\Docs API Wiring.md","dest":"C:\\Users\\soren\\docs\\assets\\examples\\RewriteLabs_Backup\\2026_04_24_17_28_31\\RewriteLabs\\OPERATOR_CONSOLE\\Docs API Wiring.md","srcHash":"b9d2c5b64eecd7e74e2b1976e2c1aef4460c8089"}
{"op":"archived-original","src":"C:\\Users\\soren\\google-drive-mcp\\docs\\RewriteLabs_Backup\\2026_04_24_17_28_31\\RewriteLabs\\OPERATOR_CONSOLE\\Docs API Wiring.md","archive":"C:\\Users\\soren\\archive\\docs-legacy-2026-05-04T03-06-29-830Z\\orig\\RewriteLabs_Backup\\2026_04_24_17_28_31\\RewriteLabs\\OPERATOR_CONSOLE\\Docs API Wiring.md"}
{"op":"copied","src":"C:\\Users\\soren\\google-drive-mcp\\docs\\RewriteLabs_Backup\\2026_04_24_17_28_31\\RewriteLabs\\OPERATOR_CONSOLE_INTEGRATION.md","dest":"C:\\Users\\soren\\docs\\assets\\examples\\RewriteLabs_Backup\\2026_04_24_17_28_31\\RewriteLabs\\OPERATOR_CONSOLE_INTEGRATION.md","srcHash":"714b851e2848c87ec601a182c064ab569c80715a"}
{"op":"archived-original","src":"C:\\Users\\soren\\google-drive-mcp\\docs\\RewriteLabs_Backup\\2026_04_24_17_28_31\\RewriteLabs\\OPERATOR_CONSOLE_INTEGRATION.md","archive":"C:\\Users\\soren\\archive\\docs-legacy-2026-05-04T03-06-29-830Z\\orig\\RewriteLabs_Backup\\2026_04_24_17_28_31\\RewriteLabs\\OPERATOR_CONSOLE_INTEGRATION.md"}
{"op":"copied","src":"C:\\Users\\soren\\google-drive-mcp\\docs\\RewriteLabs_Backup\\2026_04_24_17_28_31\\RewriteLabs\\Outreach\\CHANGELOG.md","dest":"C:\\Users\\soren\\docs\\assets\\examples\\RewriteLabs_Backup\\2026_04_24_17_28_31\\RewriteLabs\\Outreach\\CHANGELOG.md","srcHash":"b1f1b402dc6757c5523cd9a91ccf771769acbac6"}
{"op":"archived-original","src":"C:\\Users\\soren\\google-drive-mcp\\docs\\RewriteLabs_Backup\\2026_04_24_17_28_31\\RewriteLabs\\Outreach\\CHANGELOG.md","archive":"C:\\Users\\soren\\archive\\docs-legacy-2026-05-04T03-06-29-830Z\\orig\\RewriteLabs_Backup\\2026_04_24_17_28_31\\RewriteLabs\\Outreach\\CHANGELOG.md"}
{"op":"skip-ext","file":"C:\\Users\\soren\\google-drive-mcp\\docs\\RewriteLabs_Backup\\2026_04_24_17_28_31\\RewriteLabs\\Outreach\\Rewrite Labs - Outreach Automation Playbook.txt"}
{"op":"copied","src":"C:\\Users\\soren\\google-drive-mcp\\docs\\RewriteLabs_Backup\\2026_04_24_17_28_31\\RewriteLabs\\PLATFORM\\Docs Integration Plan.md","dest":"C:\\Users\\soren\\docs\\assets\\examples\\RewriteLabs_Backup\\2026_04_24_17_28_31\\RewriteLabs\\PLATFORM\\Docs Integration Plan.md","srcHash":"1edcb62c30974d3d4c669b4d156f90791211bb34"}
{"op":"archived-original","src":"C:\\Users\\soren\\google-drive-mcp\\docs\\RewriteLabs_Backup\\2026_04_24_17_28_31\\RewriteLabs\\PLATFORM\\Docs Integration Plan.md","archive":"C:\\Users\\soren\\archive\\docs-legacy-2026-05-04T03-06-29-830Z\\orig\\RewriteLabs_Backup\\2026_04_24_17_28_31\\RewriteLabs\\PLATFORM\\Docs Integration Plan.md"}
{"op":"copied","src":"C:\\Users\\soren\\google-drive-mcp\\docs\\RewriteLabs_Backup\\2026_04_24_17_28_31\\RewriteLabs\\PLATFORM\\index.html","dest":"C:\\Users\\soren\\docs\\assets\\examples\\RewriteLabs_Backup\\2026_04_24_17_28_31\\RewriteLabs\\PLATFORM\\index.html","srcHash":"af4e1295a372fb675e06355bd01197a199cd3c66"}
{"op":"archived-original","src":"C:\\Users\\soren\\google-drive-mcp\\docs\\RewriteLabs_Backup\\2026_04_24_17_28_31\\RewriteLabs\\PLATFORM\\index.html","archive":"C:\\Users\\soren\\archive\\docs-legacy-2026-05-04T03-06-29-830Z\\orig\\RewriteLabs_Backup\\2026_04_24_17_28_31\\RewriteLabs\\PLATFORM\\index.html"}
{"op":"copied","src":"C:\\Users\\soren\\google-drive-mcp\\docs\\RewriteLabs_Backup\\2026_04_24_17_28_31\\RewriteLabs\\PLATFORM\\portal.js","dest":"C:\\Users\\soren\\docs\\assets\\examples\\RewriteLabs_Backup\\2026_04_24_17_28_31\\RewriteLabs\\PLATFORM\\portal.js","srcHash":"b9d2c5b64eecd7e74e2b1976e2c1aef4460c8089"}
{"op":"archived-original","src":"C:\\Users\\soren\\google-drive-mcp\\docs\\RewriteLabs_Backup\\2026_04_24_17_28_31\\RewriteLabs\\PLATFORM\\portal.js","archive":"C:\\Users\\soren\\archive\\docs-legacy-2026-05-04T03-06-29-830Z\\orig\\RewriteLabs_Backup\\2026_04_24_17_28_31\\RewriteLabs\\PLATFORM\\portal.js"}
{"op":"skip-ext","file":"C:\\Users\\soren\\google-drive-mcp\\docs\\RewriteLabs_Backup\\2026_04_24_17_28_31\\RewriteLabs\\PLATFORM\\styles.css"}
{"op":"copied","src":"C:\\Users\\soren\\google-drive-mcp\\docs\\RewriteLabs_Backup\\2026_04_24_17_28_31\\RewriteLabs\\PORTAL\\Docs Portal Performance Optimization Plan.md","dest":"C:\\Users\\soren\\docs\\assets\\examples\\RewriteLabs_Backup\\2026_04_24_17_28_31\\RewriteLabs\\PORTAL\\Docs Portal Performance Optimization Plan.md","srcHash":"26a6c1941f190ac87837a3185ec5de0bec8c6faf"}
{"op":"archived-original","src":"C:\\Users\\soren\\google-drive-mcp\\docs\\RewriteLabs_Backup\\2026_04_24_17_28_31\\RewriteLabs\\PORTAL\\Docs Portal Performance Optimization Plan.md","archive":"C:\\Users\\soren\\archive\\docs-legacy-2026-05-04T03-06-29-830Z\\orig\\RewriteLabs_Backup\\2026_04_24_17_28_31\\RewriteLabs\\PORTAL\\Docs Portal Performance Optimization Plan.md"}
{"op":"copied","src":"C:\\Users\\soren\\google-drive-mcp\\docs\\RewriteLabs_Backup\\2026_04_24_17_28_31\\RewriteLabs\\PORTAL\\Docs Portal Search UI Spec.md","dest":"C:\\Users\\soren\\docs\\assets\\examples\\RewriteLabs_Backup\\2026_04_24_17_28_31\\RewriteLabs\\PORTAL\\Docs Portal Search UI Spec.md","srcHash":"34ec7aa9e53cf6321fb94727c5160fef7e8afb2b"}
{"op":"archived-original","src":"C:\\Users\\soren\\google-drive-mcp\\docs\\RewriteLabs_Backup\\2026_04_24_17_28_31\\RewriteLabs\\PORTAL\\Docs Portal Search UI Spec.md","archive":"C:\\Users\\soren\\archive\\docs-legacy-2026-05-04T03-06-29-830Z\\orig\\RewriteLabs_Backup\\2026_04_24_17_28_31\\RewriteLabs\\PORTAL\\Docs Portal Search UI Spec.md"}
{"op":"copied","src":"C:\\Users\\soren\\google-drive-mcp\\docs\\RewriteLabs_Backup\\2026_04_24_17_28_31\\RewriteLabs\\PORTAL\\search.js","dest":"C:\\Users\\soren\\docs\\assets\\examples\\RewriteLabs_Backup\\2026_04_24_17_28_31\\RewriteLabs\\PORTAL\\search.js","srcHash":"0730ac5abe56b26029233a9a5cacaca0f1ce4d09"}
{"op":"archived-original","src":"C:\\Users\\soren\\google-drive-mcp\\docs\\RewriteLabs_Backup\\2026_04_24_17_28_31\\RewriteLabs\\PORTAL\\search.js","archive":"C:\\Users\\soren\\archive\\docs-legacy-2026-05-04T03-06-29-830Z\\orig\\RewriteLabs_Backup\\2026_04_24_17_28_31\\RewriteLabs\\PORTAL\\search.js"}
{"op":"copied","src":"C:\\Users\\soren\\google-drive-mcp\\docs\\RewriteLabs_Backup\\2026_04_24_17_28_31\\RewriteLabs\\QA\\Docs QA Checklist.md","dest":"C:\\Users\\soren\\docs\\assets\\examples\\RewriteLabs_Backup\\2026_04_24_17_28_31\\RewriteLabs\\QA\\Docs QA Checklist.md","srcHash":"eddf349e32d04d6a27fa6d81cfa8349d659bd22e"}
{"op":"archived-original","src":"C:\\Users\\soren\\google-drive-mcp\\docs\\RewriteLabs_Backup\\2026_04_24_17_28_31\\RewriteLabs\\QA\\Docs QA Checklist.md","archive":"C:\\Users\\soren\\archive\\docs-legacy-2026-05-04T03-06-29-830Z\\orig\\RewriteLabs_Backup\\2026_04_24_17_28_31\\RewriteLabs\\QA\\Docs QA Checklist.md"}
{"op":"skip-duplicate","src":"C:\\Users\\soren\\google-drive-mcp\\docs\\RewriteLabs_Backup\\2026_04_24_17_28_31\\RewriteLabs\\README.md","dest":"C:\\Users\\soren\\docs\\README.md","srcHash":"a3fc9b959a0f77895f7de22bbda7f27a444f0b81"}
{"op":"archived-original","src":"C:\\Users\\soren\\google-drive-mcp\\docs\\RewriteLabs_Backup\\2026_04_24_17_28_31\\RewriteLabs\\README.md","archive":"C:\\Users\\soren\\archive\\docs-legacy-2026-05-04T03-06-29-830Z\\orig\\RewriteLabs_Backup\\2026_04_24_17_28_31\\RewriteLabs\\README.md"}
{"op":"copied","src":"C:\\Users\\soren\\google-drive-mcp\\docs\\RewriteLabs_Backup\\2026_04_24_17_28_31\\RewriteLabs\\RELEASE_PIPELINE.md","dest":"C:\\Users\\soren\\docs\\assets\\examples\\RewriteLabs_Backup\\2026_04_24_17_28_31\\RewriteLabs\\RELEASE_PIPELINE.md","srcHash":"557ad0f6f36fac1f1d4574e96afb58e345e5b3e4"}
{"op":"archived-original","src":"C:\\Users\\soren\\google-drive-mcp\\docs\\RewriteLabs_Backup\\2026_04_24_17_28_31\\RewriteLabs\\RELEASE_PIPELINE.md","archive":"C:\\Users\\soren\\archive\\docs-legacy-2026-05-04T03-06-29-830Z\\orig\\RewriteLabs_Backup\\2026_04_24_17_28_31\\RewriteLabs\\RELEASE_PIPELINE.md"}
{"op":"copied","src":"C:\\Users\\soren\\google-drive-mcp\\docs\\RewriteLabs_Backup\\2026_04_24_17_28_31\\RewriteLabs\\Roadmaps\\CHANGELOG.md","dest":"C:\\Users\\soren\\docs\\assets\\examples\\RewriteLabs_Backup\\2026_04_24_17_28_31\\RewriteLabs\\Roadmaps\\CHANGELOG.md","srcHash":"9c92c7f28c22e256ea19e97acbf9bc5268978253"}
{"op":"archived-original","src":"C:\\Users\\soren\\google-drive-mcp\\docs\\RewriteLabs_Backup\\2026_04_24_17_28_31\\RewriteLabs\\Roadmaps\\CHANGELOG.md","archive":"C:\\Users\\soren\\archive\\docs-legacy-2026-05-04T03-06-29-830Z\\orig\\RewriteLabs_Backup\\2026_04_24_17_28_31\\RewriteLabs\\Roadmaps\\CHANGELOG.md"}
{"op":"copied","src":"C:\\Users\\soren\\google-drive-mcp\\docs\\RewriteLabs_Backup\\2026_04_24_17_28_31\\RewriteLabs\\Roadmaps\\Docs Automation Roadmap.md","dest":"C:\\Users\\soren\\docs\\assets\\examples\\RewriteLabs_Backup\\2026_04_24_17_28_31\\RewriteLabs\\Roadmaps\\Docs Automation Roadmap.md","srcHash":"b86ad067872ed629d5102979b473b252c1dc82ff"}
{"op":"archived-original","src":"C:\\Users\\soren\\google-drive-mcp\\docs\\RewriteLabs_Backup\\2026_04_24_17_28_31\\RewriteLabs\\Roadmaps\\Docs Automation Roadmap.md","archive":"C:\\Users\\soren\\archive\\docs-legacy-2026-05-04T03-06-29-830Z\\orig\\RewriteLabs_Backup\\2026_04_24_17_28_31\\RewriteLabs\\Roadmaps\\Docs Automation Roadmap.md"}
{"op":"skip-ext","file":"C:\\Users\\soren\\google-drive-mcp\\docs\\RewriteLabs_Backup\\2026_04_24_17_28_31\\RewriteLabs\\Roadmaps\\Rewrite Labs - Master Roadmap (Updated with Outreach Automation Track).txt"}
{"op":"copied","src":"C:\\Users\\soren\\google-drive-mcp\\docs\\RewriteLabs_Backup\\2026_04_24_17_28_31\\RewriteLabs\\search-index.json","dest":"C:\\Users\\soren\\docs\\assets\\examples\\RewriteLabs_Backup\\2026_04_24_17_28_31\\RewriteLabs\\search-index.json","srcHash":"831fc6f0bf34fb7e3b1d0a0939bf83e0d3d645a8"}
{"op":"archived-original","src":"C:\\Users\\soren\\google-drive-mcp\\docs\\RewriteLabs_Backup\\2026_04_24_17_28_31\\RewriteLabs\\search-index.json","archive":"C:\\Users\\soren\\archive\\docs-legacy-2026-05-04T03-06-29-830Z\\orig\\RewriteLabs_Backup\\2026_04_24_17_28_31\\RewriteLabs\\search-index.json"}
{"op":"copied","src":"C:\\Users\\soren\\google-drive-mcp\\docs\\RewriteLabs_Backup\\2026_04_24_17_28_31\\RewriteLabs\\SITEMAP.md","dest":"C:\\Users\\soren\\docs\\assets\\examples\\RewriteLabs_Backup\\2026_04_24_17_28_31\\RewriteLabs\\SITEMAP.md","srcHash":"88518c7d0f2107da074ed48c7de02c39764abd29"}
{"op":"archived-original","src":"C:\\Users\\soren\\google-drive-mcp\\docs\\RewriteLabs_Backup\\2026_04_24_17_28_31\\RewriteLabs\\SITEMAP.md","archive":"C:\\Users\\soren\\archive\\docs-legacy-2026-05-04T03-06-29-830Z\\orig\\RewriteLabs_Backup\\2026_04_24_17_28_31\\RewriteLabs\\SITEMAP.md"}
{"op":"copied","src":"C:\\Users\\soren\\google-drive-mcp\\docs\\RewriteLabs_Backup\\2026_04_24_17_28_31\\RewriteLabs\\UI\\Docs Automation Roadmap.md","dest":"C:\\Users\\soren\\docs\\assets\\examples\\RewriteLabs_Backup\\2026_04_24_17_28_31\\RewriteLabs\\UI\\Docs Automation Roadmap.md","srcHash":"e24927e4f8edf308d77463225f509acc3e7162f4"}
{"op":"archived-original","src":"C:\\Users\\soren\\google-drive-mcp\\docs\\RewriteLabs_Backup\\2026_04_24_17_28_31\\RewriteLabs\\UI\\Docs Automation Roadmap.md","archive":"C:\\Users\\soren\\archive\\docs-legacy-2026-05-04T03-06-29-830Z\\orig\\RewriteLabs_Backup\\2026_04_24_17_28_31\\RewriteLabs\\UI\\Docs Automation Roadmap.md"}
{"op":"copied","src":"C:\\Users\\soren\\google-drive-mcp\\docs\\RewriteLabs_Backup\\2026_04_24_17_28_31\\RewriteLabs\\UI\\Docs Dashboard Spec.md","dest":"C:\\Users\\soren\\docs\\assets\\examples\\RewriteLabs_Backup\\2026_04_24_17_28_31\\RewriteLabs\\UI\\Docs Dashboard Spec.md","srcHash":"437c0cd0cd01a94c566eade64fccfce74186ccc2"}
{"op":"archived-original","src":"C:\\Users\\soren\\google-drive-mcp\\docs\\RewriteLabs_Backup\\2026_04_24_17_28_31\\RewriteLabs\\UI\\Docs Dashboard Spec.md","archive":"C:\\Users\\soren\\archive\\docs-legacy-2026-05-04T03-06-29-830Z\\orig\\RewriteLabs_Backup\\2026_04_24_17_28_31\\RewriteLabs\\UI\\Docs Dashboard Spec.md"}
{"op":"skip-ext","file":"C:\\Users\\soren\\google-drive-mcp\\docs\\RewriteLabs_Backup\\2026_04_24_17_28_31\\RewriteLabs\\UI\\Operator Console Mock UI.txt"}
{"op":"copied","src":"C:\\Users\\soren\\google-drive-mcp\\docs\\RewriteLabs_Backup\\2026_04_24_17_28_31\\RewriteLabs\\version-manifest.json","dest":"C:\\Users\\soren\\docs\\assets\\examples\\RewriteLabs_Backup\\2026_04_24_17_28_31\\RewriteLabs\\version-manifest.json","srcHash":"620b529d0936e543afd1e494ee533b7ba947f616"}
{"op":"archived-original","src":"C:\\Users\\soren\\google-drive-mcp\\docs\\RewriteLabs_Backup\\2026_04_24_17_28_31\\RewriteLabs\\version-manifest.json","archive":"C:\\Users\\soren\\archive\\docs-legacy-2026-05-04T03-06-29-830Z\\orig\\RewriteLabs_Backup\\2026_04_24_17_28_31\\RewriteLabs\\version-manifest.json"}
{"op":"copied","src":"C:\\Users\\soren\\google-drive-mcp\\docs\\RewriteLabs_Backup\\2026_04_24_17_28_31\\RewriteLabs\\VERSIONING.md","dest":"C:\\Users\\soren\\docs\\assets\\examples\\RewriteLabs_Backup\\2026_04_24_17_28_31\\RewriteLabs\\VERSIONING.md","srcHash":"cac03bd0a38ffb3631372bb62eec9245e93f5bac"}
{"op":"archived-original","src":"C:\\Users\\soren\\google-drive-mcp\\docs\\RewriteLabs_Backup\\2026_04_24_17_28_31\\RewriteLabs\\VERSIONING.md","archive":"C:\\Users\\soren\\archive\\docs-legacy-2026-05-04T03-06-29-830Z\\orig\\RewriteLabs_Backup\\2026_04_24_17_28_31\\RewriteLabs\\VERSIONING.md"}
{"op":"copied","src":"C:\\Users\\soren\\google-drive-mcp\\docs\\RewriteLabs_Backup\\2026_04_24_17_31_55\\RewriteLabs\\AI\\Docs AI Integration.md","dest":"C:\\Users\\soren\\docs\\assets\\examples\\RewriteLabs_Backup\\2026_04_24_17_31_55\\RewriteLabs\\AI\\Docs AI Integration.md","srcHash":"78c9fd4ad817a811c0159604c5023a3c0b6331ce"}
{"op":"archived-original","src":"C:\\Users\\soren\\google-drive-mcp\\docs\\RewriteLabs_Backup\\2026_04_24_17_31_55\\RewriteLabs\\AI\\Docs AI Integration.md","archive":"C:\\Users\\soren\\archive\\docs-legacy-2026-05-04T03-06-29-830Z\\orig\\RewriteLabs_Backup\\2026_04_24_17_31_55\\RewriteLabs\\AI\\Docs AI Integration.md"}
{"op":"copied","src":"C:\\Users\\soren\\google-drive-mcp\\docs\\RewriteLabs_Backup\\2026_04_24_17_31_55\\RewriteLabs\\API\\Docs API Specification.md","dest":"C:\\Users\\soren\\docs\\assets\\examples\\RewriteLabs_Backup\\2026_04_24_17_31_55\\RewriteLabs\\API\\Docs API Specification.md","srcHash":"2a3d0deb23897ac15c09da0f24ed467894b20c88"}
{"op":"archived-original","src":"C:\\Users\\soren\\google-drive-mcp\\docs\\RewriteLabs_Backup\\2026_04_24_17_31_55\\RewriteLabs\\API\\Docs API Specification.md","archive":"C:\\Users\\soren\\archive\\docs-legacy-2026-05-04T03-06-29-830Z\\orig\\RewriteLabs_Backup\\2026_04_24_17_31_55\\RewriteLabs\\API\\Docs API Specification.md"}
{"op":"copied","src":"C:\\Users\\soren\\google-drive-mcp\\docs\\RewriteLabs_Backup\\2026_04_24_17_31_55\\RewriteLabs\\ARCHITECTURE\\Docs Architecture Diagram.md","dest":"C:\\Users\\soren\\docs\\assets\\examples\\RewriteLabs_Backup\\2026_04_24_17_31_55\\RewriteLabs\\ARCHITECTURE\\Docs Architecture Diagram.md","srcHash":"437c0cd0cd01a94c566eade64fccfce74186ccc2"}
{"op":"archived-original","src":"C:\\Users\\soren\\google-drive-mcp\\docs\\RewriteLabs_Backup\\2026_04_24_17_31_55\\RewriteLabs\\ARCHITECTURE\\Docs Architecture Diagram.md","archive":"C:\\Users\\soren\\archive\\docs-legacy-2026-05-04T03-06-29-830Z\\orig\\RewriteLabs_Backup\\2026_04_24_17_31_55\\RewriteLabs\\ARCHITECTURE\\Docs Architecture Diagram.md"}
{"op":"copied","src":"C:\\Users\\soren\\google-drive-mcp\\docs\\RewriteLabs_Backup\\2026_04_24_17_31_55\\RewriteLabs\\BACKUP_POLICY.md","dest":"C:\\Users\\soren\\docs\\assets\\examples\\RewriteLabs_Backup\\2026_04_24_17_31_55\\RewriteLabs\\BACKUP_POLICY.md","srcHash":"a7961b0189364b41bb7acb28e3b511ea7d0d962a"}
{"op":"archived-original","src":"C:\\Users\\soren\\google-drive-mcp\\docs\\RewriteLabs_Backup\\2026_04_24_17_31_55\\RewriteLabs\\BACKUP_POLICY.md","archive":"C:\\Users\\soren\\archive\\docs-legacy-2026-05-04T03-06-29-830Z\\orig\\RewriteLabs_Backup\\2026_04_24_17_31_55\\RewriteLabs\\BACKUP_POLICY.md"}
{"op":"copied","src":"C:\\Users\\soren\\google-drive-mcp\\docs\\RewriteLabs_Backup\\2026_04_24_17_31_55\\RewriteLabs\\Docs Home.md","dest":"C:\\Users\\soren\\docs\\assets\\examples\\RewriteLabs_Backup\\2026_04_24_17_31_55\\RewriteLabs\\Docs Home.md","srcHash":"ca261acad2b6e22b2db65f2c986ca0c05dea8292"}
{"op":"archived-original","src":"C:\\Users\\soren\\google-drive-mcp\\docs\\RewriteLabs_Backup\\2026_04_24_17_31_55\\RewriteLabs\\Docs Home.md","archive":"C:\\Users\\soren\\archive\\docs-legacy-2026-05-04T03-06-29-830Z\\orig\\RewriteLabs_Backup\\2026_04_24_17_31_55\\RewriteLabs\\Docs Home.md"}
{"op":"copied","src":"C:\\Users\\soren\\google-drive-mcp\\docs\\RewriteLabs_Backup\\2026_04_24_17_31_55\\RewriteLabs\\Docs Metrics Dashboard Spec.md","dest":"C:\\Users\\soren\\docs\\assets\\examples\\RewriteLabs_Backup\\2026_04_24_17_31_55\\RewriteLabs\\Docs Metrics Dashboard Spec.md","srcHash":"f3c267d31697bb4870951d6123202f87e36c79d9"}
{"op":"archived-original","src":"C:\\Users\\soren\\google-drive-mcp\\docs\\RewriteLabs_Backup\\2026_04_24_17_31_55\\RewriteLabs\\Docs Metrics Dashboard Spec.md","archive":"C:\\Users\\soren\\archive\\docs-legacy-2026-05-04T03-06-29-830Z\\orig\\RewriteLabs_Backup\\2026_04_24_17_31_55\\RewriteLabs\\Docs Metrics Dashboard Spec.md"}
{"op":"copied","src":"C:\\Users\\soren\\google-drive-mcp\\docs\\RewriteLabs_Backup\\2026_04_24_17_31_55\\RewriteLabs\\Docs Search Index Generator.md","dest":"C:\\Users\\soren\\docs\\assets\\examples\\RewriteLabs_Backup\\2026_04_24_17_31_55\\RewriteLabs\\Docs Search Index Generator.md","srcHash":"79b75155772126619676ac9c5bc4a482a8734c17"}
{"op":"archived-original","src":"C:\\Users\\soren\\google-drive-mcp\\docs\\RewriteLabs_Backup\\2026_04_24_17_31_55\\RewriteLabs\\Docs Search Index Generator.md","archive":"C:\\Users\\soren\\archive\\docs-legacy-2026-05-04T03-06-29-830Z\\orig\\RewriteLabs_Backup\\2026_04_24_17_31_55\\RewriteLabs\\Docs Search Index Generator.md"}
{"op":"copied","src":"C:\\Users\\soren\\google-drive-mcp\\docs\\RewriteLabs_Backup\\2026_04_24_17_31_55\\RewriteLabs\\GOVERNANCE.md","dest":"C:\\Users\\soren\\docs\\assets\\examples\\RewriteLabs_Backup\\2026_04_24_17_31_55\\RewriteLabs\\GOVERNANCE.md","srcHash":"f5a6bec97bac37a832a743abde1422c4ca214656"}
{"op":"archived-original","src":"C:\\Users\\soren\\google-drive-mcp\\docs\\RewriteLabs_Backup\\2026_04_24_17_31_55\\RewriteLabs\\GOVERNANCE.md","archive":"C:\\Users\\soren\\archive\\docs-legacy-2026-05-04T03-06-29-830Z\\orig\\RewriteLabs_Backup\\2026_04_24_17_31_55\\RewriteLabs\\GOVERNANCE.md"}
{"op":"copied","src":"C:\\Users\\soren\\google-drive-mcp\\docs\\RewriteLabs_Backup\\2026_04_24_17_31_55\\RewriteLabs\\index.html","dest":"C:\\Users\\soren\\docs\\assets\\examples\\RewriteLabs_Backup\\2026_04_24_17_31_55\\RewriteLabs\\index.html","srcHash":"d82bf339c49703e0e7463a0fa98d1651bb7e088c"}
{"op":"archived-original","src":"C:\\Users\\soren\\google-drive-mcp\\docs\\RewriteLabs_Backup\\2026_04_24_17_31_55\\RewriteLabs\\index.html","archive":"C:\\Users\\soren\\archive\\docs-legacy-2026-05-04T03-06-29-830Z\\orig\\RewriteLabs_Backup\\2026_04_24_17_31_55\\RewriteLabs\\index.html"}
{"op":"copied","src":"C:\\Users\\soren\\google-drive-mcp\\docs\\RewriteLabs_Backup\\2026_04_24_17_31_55\\RewriteLabs\\INDEX.md","dest":"C:\\Users\\soren\\docs\\assets\\examples\\RewriteLabs_Backup\\2026_04_24_17_31_55\\RewriteLabs\\INDEX.md","srcHash":"842c390d27f37d113fd78785c3aa57af9be58aea"}
{"op":"archived-original","src":"C:\\Users\\soren\\google-drive-mcp\\docs\\RewriteLabs_Backup\\2026_04_24_17_31_55\\RewriteLabs\\INDEX.md","archive":"C:\\Users\\soren\\archive\\docs-legacy-2026-05-04T03-06-29-830Z\\orig\\RewriteLabs_Backup\\2026_04_24_17_31_55\\RewriteLabs\\INDEX.md"}
{"op":"copied","src":"C:\\Users\\soren\\google-drive-mcp\\docs\\RewriteLabs_Backup\\2026_04_24_17_31_55\\RewriteLabs\\LINTER\\Docs Linter Rules.md","dest":"C:\\Users\\soren\\docs\\assets\\examples\\RewriteLabs_Backup\\2026_04_24_17_31_55\\RewriteLabs\\LINTER\\Docs Linter Rules.md","srcHash":"650da60a4caf310742b758fb74a7b316df85f974"}
{"op":"archived-original","src":"C:\\Users\\soren\\google-drive-mcp\\docs\\RewriteLabs_Backup\\2026_04_24_17_31_55\\RewriteLabs\\LINTER\\Docs Linter Rules.md","archive":"C:\\Users\\soren\\archive\\docs-legacy-2026-05-04T03-06-29-830Z\\orig\\RewriteLabs_Backup\\2026_04_24_17_31_55\\RewriteLabs\\LINTER\\Docs Linter Rules.md"}
{"op":"copied","src":"C:\\Users\\soren\\google-drive-mcp\\docs\\RewriteLabs_Backup\\2026_04_24_17_31_55\\RewriteLabs\\Manuals\\CHANGELOG.md","dest":"C:\\Users\\soren\\docs\\assets\\examples\\RewriteLabs_Backup\\2026_04_24_17_31_55\\RewriteLabs\\Manuals\\CHANGELOG.md","srcHash":"7782c35626285728f58e560717451b4444ecccf4"}
{"op":"archived-original","src":"C:\\Users\\soren\\google-drive-mcp\\docs\\RewriteLabs_Backup\\2026_04_24_17_31_55\\RewriteLabs\\Manuals\\CHANGELOG.md","archive":"C:\\Users\\soren\\archive\\docs-legacy-2026-05-04T03-06-29-830Z\\orig\\RewriteLabs_Backup\\2026_04_24_17_31_55\\RewriteLabs\\Manuals\\CHANGELOG.md"}
{"op":"skip-ext","file":"C:\\Users\\soren\\google-drive-mcp\\docs\\RewriteLabs_Backup\\2026_04_24_17_31_55\\RewriteLabs\\Manuals\\Rewrite Labs - Master Instructions Manual (Updated with Outreach Automation).txt"}
{"op":"skip-ext","file":"C:\\Users\\soren\\google-drive-mcp\\docs\\RewriteLabs_Backup\\2026_04_24_17_31_55\\RewriteLabs\\mkdocs.yml"}
{"op":"copied","src":"C:\\Users\\soren\\google-drive-mcp\\docs\\RewriteLabs_Backup\\2026_04_24_17_31_55\\RewriteLabs\\OPERATOR_CONSOLE\\Docs API Wiring.md","dest":"C:\\Users\\soren\\docs\\assets\\examples\\RewriteLabs_Backup\\2026_04_24_17_31_55\\RewriteLabs\\OPERATOR_CONSOLE\\Docs API Wiring.md","srcHash":"b9d2c5b64eecd7e74e2b1976e2c1aef4460c8089"}
{"op":"archived-original","src":"C:\\Users\\soren\\google-drive-mcp\\docs\\RewriteLabs_Backup\\2026_04_24_17_31_55\\RewriteLabs\\OPERATOR_CONSOLE\\Docs API Wiring.md","archive":"C:\\Users\\soren\\archive\\docs-legacy-2026-05-04T03-06-29-830Z\\orig\\RewriteLabs_Backup\\2026_04_24_17_31_55\\RewriteLabs\\OPERATOR_CONSOLE\\Docs API Wiring.md"}
{"op":"copied","src":"C:\\Users\\soren\\google-drive-mcp\\docs\\RewriteLabs_Backup\\2026_04_24_17_31_55\\RewriteLabs\\OPERATOR_CONSOLE_INTEGRATION.md","dest":"C:\\Users\\soren\\docs\\assets\\examples\\RewriteLabs_Backup\\2026_04_24_17_31_55\\RewriteLabs\\OPERATOR_CONSOLE_INTEGRATION.md","srcHash":"714b851e2848c87ec601a182c064ab569c80715a"}
{"op":"archived-original","src":"C:\\Users\\soren\\google-drive-mcp\\docs\\RewriteLabs_Backup\\2026_04_24_17_31_55\\RewriteLabs\\OPERATOR_CONSOLE_INTEGRATION.md","archive":"C:\\Users\\soren\\archive\\docs-legacy-2026-05-04T03-06-29-830Z\\orig\\RewriteLabs_Backup\\2026_04_24_17_31_55\\RewriteLabs\\OPERATOR_CONSOLE_INTEGRATION.md"}
{"op":"copied","src":"C:\\Users\\soren\\google-drive-mcp\\docs\\RewriteLabs_Backup\\2026_04_24_17_31_55\\RewriteLabs\\Outreach\\CHANGELOG.md","dest":"C:\\Users\\soren\\docs\\assets\\examples\\RewriteLabs_Backup\\2026_04_24_17_31_55\\RewriteLabs\\Outreach\\CHANGELOG.md","srcHash":"b1f1b402dc6757c5523cd9a91ccf771769acbac6"}
{"op":"archived-original","src":"C:\\Users\\soren\\google-drive-mcp\\docs\\RewriteLabs_Backup\\2026_04_24_17_31_55\\RewriteLabs\\Outreach\\CHANGELOG.md","archive":"C:\\Users\\soren\\archive\\docs-legacy-2026-05-04T03-06-29-830Z\\orig\\RewriteLabs_Backup\\2026_04_24_17_31_55\\RewriteLabs\\Outreach\\CHANGELOG.md"}
{"op":"skip-ext","file":"C:\\Users\\soren\\google-drive-mcp\\docs\\RewriteLabs_Backup\\2026_04_24_17_31_55\\RewriteLabs\\Outreach\\Rewrite Labs - Outreach Automation Playbook.txt"}
{"op":"copied","src":"C:\\Users\\soren\\google-drive-mcp\\docs\\RewriteLabs_Backup\\2026_04_24_17_31_55\\RewriteLabs\\PLATFORM\\Docs Integration Plan.md","dest":"C:\\Users\\soren\\docs\\assets\\examples\\RewriteLabs_Backup\\2026_04_24_17_31_55\\RewriteLabs\\PLATFORM\\Docs Integration Plan.md","srcHash":"1edcb62c30974d3d4c669b4d156f90791211bb34"}
{"op":"archived-original","src":"C:\\Users\\soren\\google-drive-mcp\\docs\\RewriteLabs_Backup\\2026_04_24_17_31_55\\RewriteLabs\\PLATFORM\\Docs Integration Plan.md","archive":"C:\\Users\\soren\\archive\\docs-legacy-2026-05-04T03-06-29-830Z\\orig\\RewriteLabs_Backup\\2026_04_24_17_31_55\\RewriteLabs\\PLATFORM\\Docs Integration Plan.md"}
{"op":"copied","src":"C:\\Users\\soren\\google-drive-mcp\\docs\\RewriteLabs_Backup\\2026_04_24_17_31_55\\RewriteLabs\\PLATFORM\\index.html","dest":"C:\\Users\\soren\\docs\\assets\\examples\\RewriteLabs_Backup\\2026_04_24_17_31_55\\RewriteLabs\\PLATFORM\\index.html","srcHash":"af4e1295a372fb675e06355bd01197a199cd3c66"}
{"op":"archived-original","src":"C:\\Users\\soren\\google-drive-mcp\\docs\\RewriteLabs_Backup\\2026_04_24_17_31_55\\RewriteLabs\\PLATFORM\\index.html","archive":"C:\\Users\\soren\\archive\\docs-legacy-2026-05-04T03-06-29-830Z\\orig\\RewriteLabs_Backup\\2026_04_24_17_31_55\\RewriteLabs\\PLATFORM\\index.html"}
{"op":"copied","src":"C:\\Users\\soren\\google-drive-mcp\\docs\\RewriteLabs_Backup\\2026_04_24_17_31_55\\RewriteLabs\\PLATFORM\\portal.js","dest":"C:\\Users\\soren\\docs\\assets\\examples\\RewriteLabs_Backup\\2026_04_24_17_31_55\\RewriteLabs\\PLATFORM\\portal.js","srcHash":"b9d2c5b64eecd7e74e2b1976e2c1aef4460c8089"}
{"op":"archived-original","src":"C:\\Users\\soren\\google-drive-mcp\\docs\\RewriteLabs_Backup\\2026_04_24_17_31_55\\RewriteLabs\\PLATFORM\\portal.js","archive":"C:\\Users\\soren\\archive\\docs-legacy-2026-05-04T03-06-29-830Z\\orig\\RewriteLabs_Backup\\2026_04_24_17_31_55\\RewriteLabs\\PLATFORM\\portal.js"}
{"op":"skip-ext","file":"C:\\Users\\soren\\google-drive-mcp\\docs\\RewriteLabs_Backup\\2026_04_24_17_31_55\\RewriteLabs\\PLATFORM\\styles.css"}
{"op":"copied","src":"C:\\Users\\soren\\google-drive-mcp\\docs\\RewriteLabs_Backup\\2026_04_24_17_31_55\\RewriteLabs\\PORTAL\\Docs Portal Performance Optimization Plan.md","dest":"C:\\Users\\soren\\docs\\assets\\examples\\RewriteLabs_Backup\\2026_04_24_17_31_55\\RewriteLabs\\PORTAL\\Docs Portal Performance Optimization Plan.md","srcHash":"26a6c1941f190ac87837a3185ec5de0bec8c6faf"}
{"op":"archived-original","src":"C:\\Users\\soren\\google-drive-mcp\\docs\\RewriteLabs_Backup\\2026_04_24_17_31_55\\RewriteLabs\\PORTAL\\Docs Portal Performance Optimization Plan.md","archive":"C:\\Users\\soren\\archive\\docs-legacy-2026-05-04T03-06-29-830Z\\orig\\RewriteLabs_Backup\\2026_04_24_17_31_55\\RewriteLabs\\PORTAL\\Docs Portal Performance Optimization Plan.md"}
{"op":"copied","src":"C:\\Users\\soren\\google-drive-mcp\\docs\\RewriteLabs_Backup\\2026_04_24_17_31_55\\RewriteLabs\\PORTAL\\Docs Portal Search UI Spec.md","dest":"C:\\Users\\soren\\docs\\assets\\examples\\RewriteLabs_Backup\\2026_04_24_17_31_55\\RewriteLabs\\PORTAL\\Docs Portal Search UI Spec.md","srcHash":"34ec7aa9e53cf6321fb94727c5160fef7e8afb2b"}
{"op":"archived-original","src":"C:\\Users\\soren\\google-drive-mcp\\docs\\RewriteLabs_Backup\\2026_04_24_17_31_55\\RewriteLabs\\PORTAL\\Docs Portal Search UI Spec.md","archive":"C:\\Users\\soren\\archive\\docs-legacy-2026-05-04T03-06-29-830Z\\orig\\RewriteLabs_Backup\\2026_04_24_17_31_55\\RewriteLabs\\PORTAL\\Docs Portal Search UI Spec.md"}
{"op":"copied","src":"C:\\Users\\soren\\google-drive-mcp\\docs\\RewriteLabs_Backup\\2026_04_24_17_31_55\\RewriteLabs\\PORTAL\\search.js","dest":"C:\\Users\\soren\\docs\\assets\\examples\\RewriteLabs_Backup\\2026_04_24_17_31_55\\RewriteLabs\\PORTAL\\search.js","srcHash":"0730ac5abe56b26029233a9a5cacaca0f1ce4d09"}
{"op":"archived-original","src":"C:\\Users\\soren\\google-drive-mcp\\docs\\RewriteLabs_Backup\\2026_04_24_17_31_55\\RewriteLabs\\PORTAL\\search.js","archive":"C:\\Users\\soren\\archive\\docs-legacy-2026-05-04T03-06-29-830Z\\orig\\RewriteLabs_Backup\\2026_04_24_17_31_55\\RewriteLabs\\PORTAL\\search.js"}
{"op":"copied","src":"C:\\Users\\soren\\google-drive-mcp\\docs\\RewriteLabs_Backup\\2026_04_24_17_31_55\\RewriteLabs\\QA\\Docs QA Checklist.md","dest":"C:\\Users\\soren\\docs\\assets\\examples\\RewriteLabs_Backup\\2026_04_24_17_31_55\\RewriteLabs\\QA\\Docs QA Checklist.md","srcHash":"eddf349e32d04d6a27fa6d81cfa8349d659bd22e"}
{"op":"archived-original","src":"C:\\Users\\soren\\google-drive-mcp\\docs\\RewriteLabs_Backup\\2026_04_24_17_31_55\\RewriteLabs\\QA\\Docs QA Checklist.md","archive":"C:\\Users\\soren\\archive\\docs-legacy-2026-05-04T03-06-29-830Z\\orig\\RewriteLabs_Backup\\2026_04_24_17_31_55\\RewriteLabs\\QA\\Docs QA Checklist.md"}
{"op":"skip-duplicate","src":"C:\\Users\\soren\\google-drive-mcp\\docs\\RewriteLabs_Backup\\2026_04_24_17_31_55\\RewriteLabs\\README.md","dest":"C:\\Users\\soren\\docs\\README.md","srcHash":"a3fc9b959a0f77895f7de22bbda7f27a444f0b81"}
{"op":"archived-original","src":"C:\\Users\\soren\\google-drive-mcp\\docs\\RewriteLabs_Backup\\2026_04_24_17_31_55\\RewriteLabs\\README.md","archive":"C:\\Users\\soren\\archive\\docs-legacy-2026-05-04T03-06-29-830Z\\orig\\RewriteLabs_Backup\\2026_04_24_17_31_55\\RewriteLabs\\README.md"}
{"op":"copied","src":"C:\\Users\\soren\\google-drive-mcp\\docs\\RewriteLabs_Backup\\2026_04_24_17_31_55\\RewriteLabs\\RELEASE_PIPELINE.md","dest":"C:\\Users\\soren\\docs\\assets\\examples\\RewriteLabs_Backup\\2026_04_24_17_31_55\\RewriteLabs\\RELEASE_PIPELINE.md","srcHash":"557ad0f6f36fac1f1d4574e96afb58e345e5b3e4"}
{"op":"archived-original","src":"C:\\Users\\soren\\google-drive-mcp\\docs\\RewriteLabs_Backup\\2026_04_24_17_31_55\\RewriteLabs\\RELEASE_PIPELINE.md","archive":"C:\\Users\\soren\\archive\\docs-legacy-2026-05-04T03-06-29-830Z\\orig\\RewriteLabs_Backup\\2026_04_24_17_31_55\\RewriteLabs\\RELEASE_PIPELINE.md"}
{"op":"copied","src":"C:\\Users\\soren\\google-drive-mcp\\docs\\RewriteLabs_Backup\\2026_04_24_17_31_55\\RewriteLabs\\Roadmaps\\CHANGELOG.md","dest":"C:\\Users\\soren\\docs\\assets\\examples\\RewriteLabs_Backup\\2026_04_24_17_31_55\\RewriteLabs\\Roadmaps\\CHANGELOG.md","srcHash":"9c92c7f28c22e256ea19e97acbf9bc5268978253"}
{"op":"archived-original","src":"C:\\Users\\soren\\google-drive-mcp\\docs\\RewriteLabs_Backup\\2026_04_24_17_31_55\\RewriteLabs\\Roadmaps\\CHANGELOG.md","archive":"C:\\Users\\soren\\archive\\docs-legacy-2026-05-04T03-06-29-830Z\\orig\\RewriteLabs_Backup\\2026_04_24_17_31_55\\RewriteLabs\\Roadmaps\\CHANGELOG.md"}
{"op":"copied","src":"C:\\Users\\soren\\google-drive-mcp\\docs\\RewriteLabs_Backup\\2026_04_24_17_31_55\\RewriteLabs\\Roadmaps\\Docs Automation Roadmap.md","dest":"C:\\Users\\soren\\docs\\assets\\examples\\RewriteLabs_Backup\\2026_04_24_17_31_55\\RewriteLabs\\Roadmaps\\Docs Automation Roadmap.md","srcHash":"b86ad067872ed629d5102979b473b252c1dc82ff"}
{"op":"archived-original","src":"C:\\Users\\soren\\google-drive-mcp\\docs\\RewriteLabs_Backup\\2026_04_24_17_31_55\\RewriteLabs\\Roadmaps\\Docs Automation Roadmap.md","archive":"C:\\Users\\soren\\archive\\docs-legacy-2026-05-04T03-06-29-830Z\\orig\\RewriteLabs_Backup\\2026_04_24_17_31_55\\RewriteLabs\\Roadmaps\\Docs Automation Roadmap.md"}
{"op":"skip-ext","file":"C:\\Users\\soren\\google-drive-mcp\\docs\\RewriteLabs_Backup\\2026_04_24_17_31_55\\RewriteLabs\\Roadmaps\\Rewrite Labs - Master Roadmap (Updated with Outreach Automation Track).txt"}
{"op":"copied","src":"C:\\Users\\soren\\google-drive-mcp\\docs\\RewriteLabs_Backup\\2026_04_24_17_31_55\\RewriteLabs\\search-index.json","dest":"C:\\Users\\soren\\docs\\assets\\examples\\RewriteLabs_Backup\\2026_04_24_17_31_55\\RewriteLabs\\search-index.json","srcHash":"831fc6f0bf34fb7e3b1d0a0939bf83e0d3d645a8"}
{"op":"archived-original","src":"C:\\Users\\soren\\google-drive-mcp\\docs\\RewriteLabs_Backup\\2026_04_24_17_31_55\\RewriteLabs\\search-index.json","archive":"C:\\Users\\soren\\archive\\docs-legacy-2026-05-04T03-06-29-830Z\\orig\\RewriteLabs_Backup\\2026_04_24_17_31_55\\RewriteLabs\\search-index.json"}
{"op":"copied","src":"C:\\Users\\soren\\google-drive-mcp\\docs\\RewriteLabs_Backup\\2026_04_24_17_31_55\\RewriteLabs\\SITEMAP.md","dest":"C:\\Users\\soren\\docs\\assets\\examples\\RewriteLabs_Backup\\2026_04_24_17_31_55\\RewriteLabs\\SITEMAP.md","srcHash":"88518c7d0f2107da074ed48c7de02c39764abd29"}
{"op":"archived-original","src":"C:\\Users\\soren\\google-drive-mcp\\docs\\RewriteLabs_Backup\\2026_04_24_17_31_55\\RewriteLabs\\SITEMAP.md","archive":"C:\\Users\\soren\\archive\\docs-legacy-2026-05-04T03-06-29-830Z\\orig\\RewriteLabs_Backup\\2026_04_24_17_31_55\\RewriteLabs\\SITEMAP.md"}
{"op":"copied","src":"C:\\Users\\soren\\google-drive-mcp\\docs\\RewriteLabs_Backup\\2026_04_24_17_31_55\\RewriteLabs\\UI\\Docs Automation Roadmap.md","dest":"C:\\Users\\soren\\docs\\assets\\examples\\RewriteLabs_Backup\\2026_04_24_17_31_55\\RewriteLabs\\UI\\Docs Automation Roadmap.md","srcHash":"e24927e4f8edf308d77463225f509acc3e7162f4"}
{"op":"archived-original","src":"C:\\Users\\soren\\google-drive-mcp\\docs\\RewriteLabs_Backup\\2026_04_24_17_31_55\\RewriteLabs\\UI\\Docs Automation Roadmap.md","archive":"C:\\Users\\soren\\archive\\docs-legacy-2026-05-04T03-06-29-830Z\\orig\\RewriteLabs_Backup\\2026_04_24_17_31_55\\RewriteLabs\\UI\\Docs Automation Roadmap.md"}
{"op":"copied","src":"C:\\Users\\soren\\google-drive-mcp\\docs\\RewriteLabs_Backup\\2026_04_24_17_31_55\\RewriteLabs\\UI\\Docs Dashboard Spec.md","dest":"C:\\Users\\soren\\docs\\assets\\examples\\RewriteLabs_Backup\\2026_04_24_17_31_55\\RewriteLabs\\UI\\Docs Dashboard Spec.md","srcHash":"437c0cd0cd01a94c566eade64fccfce74186ccc2"}
{"op":"archived-original","src":"C:\\Users\\soren\\google-drive-mcp\\docs\\RewriteLabs_Backup\\2026_04_24_17_31_55\\RewriteLabs\\UI\\Docs Dashboard Spec.md","archive":"C:\\Users\\soren\\archive\\docs-legacy-2026-05-04T03-06-29-830Z\\orig\\RewriteLabs_Backup\\2026_04_24_17_31_55\\RewriteLabs\\UI\\Docs Dashboard Spec.md"}
{"op":"skip-ext","file":"C:\\Users\\soren\\google-drive-mcp\\docs\\RewriteLabs_Backup\\2026_04_24_17_31_55\\RewriteLabs\\UI\\Operator Console Mock UI.txt"}
{"op":"copied","src":"C:\\Users\\soren\\google-drive-mcp\\docs\\RewriteLabs_Backup\\2026_04_24_17_31_55\\RewriteLabs\\version-manifest.json","dest":"C:\\Users\\soren\\docs\\assets\\examples\\RewriteLabs_Backup\\2026_04_24_17_31_55\\RewriteLabs\\version-manifest.json","srcHash":"620b529d0936e543afd1e494ee533b7ba947f616"}
{"op":"archived-original","src":"C:\\Users\\soren\\google-drive-mcp\\docs\\RewriteLabs_Backup\\2026_04_24_17_31_55\\RewriteLabs\\version-manifest.json","archive":"C:\\Users\\soren\\archive\\docs-legacy-2026-05-04T03-06-29-830Z\\orig\\RewriteLabs_Backup\\2026_04_24_17_31_55\\RewriteLabs\\version-manifest.json"}
{"op":"copied","src":"C:\\Users\\soren\\google-drive-mcp\\docs\\RewriteLabs_Backup\\2026_04_24_17_31_55\\RewriteLabs\\VERSIONING.md","dest":"C:\\Users\\soren\\docs\\assets\\examples\\RewriteLabs_Backup\\2026_04_24_17_31_55\\RewriteLabs\\VERSIONING.md","srcHash":"cac03bd0a38ffb3631372bb62eec9245e93f5bac"}
{"op":"archived-original","src":"C:\\Users\\soren\\google-drive-mcp\\docs\\RewriteLabs_Backup\\2026_04_24_17_31_55\\RewriteLabs\\VERSIONING.md","archive":"C:\\Users\\soren\\archive\\docs-legacy-2026-05-04T03-06-29-830Z\\orig\\RewriteLabs_Backup\\2026_04_24_17_31_55\\RewriteLabs\\VERSIONING.md"}
{"op":"copied","src":"C:\\Users\\soren\\google-drive-mcp\\docs\\RewriteLabs_Backup\\2026_04_24_17_32_35\\RewriteLabs\\AI\\Docs AI Integration.md","dest":"C:\\Users\\soren\\docs\\assets\\examples\\RewriteLabs_Backup\\2026_04_24_17_32_35\\RewriteLabs\\AI\\Docs AI Integration.md","srcHash":"78c9fd4ad817a811c0159604c5023a3c0b6331ce"}
{"op":"archived-original","src":"C:\\Users\\soren\\google-drive-mcp\\docs\\RewriteLabs_Backup\\2026_04_24_17_32_35\\RewriteLabs\\AI\\Docs AI Integration.md","archive":"C:\\Users\\soren\\archive\\docs-legacy-2026-05-04T03-06-29-830Z\\orig\\RewriteLabs_Backup\\2026_04_24_17_32_35\\RewriteLabs\\AI\\Docs AI Integration.md"}
{"op":"copied","src":"C:\\Users\\soren\\google-drive-mcp\\docs\\RewriteLabs_Backup\\2026_04_24_17_32_35\\RewriteLabs\\API\\Docs API Specification.md","dest":"C:\\Users\\soren\\docs\\assets\\examples\\RewriteLabs_Backup\\2026_04_24_17_32_35\\RewriteLabs\\API\\Docs API Specification.md","srcHash":"2a3d0deb23897ac15c09da0f24ed467894b20c88"}
{"op":"archived-original","src":"C:\\Users\\soren\\google-drive-mcp\\docs\\RewriteLabs_Backup\\2026_04_24_17_32_35\\RewriteLabs\\API\\Docs API Specification.md","archive":"C:\\Users\\soren\\archive\\docs-legacy-2026-05-04T03-06-29-830Z\\orig\\RewriteLabs_Backup\\2026_04_24_17_32_35\\RewriteLabs\\API\\Docs API Specification.md"}
{"op":"copied","src":"C:\\Users\\soren\\google-drive-mcp\\docs\\RewriteLabs_Backup\\2026_04_24_17_32_35\\RewriteLabs\\ARCHITECTURE\\Docs Architecture Diagram.md","dest":"C:\\Users\\soren\\docs\\assets\\examples\\RewriteLabs_Backup\\2026_04_24_17_32_35\\RewriteLabs\\ARCHITECTURE\\Docs Architecture Diagram.md","srcHash":"437c0cd0cd01a94c566eade64fccfce74186ccc2"}
{"op":"archived-original","src":"C:\\Users\\soren\\google-drive-mcp\\docs\\RewriteLabs_Backup\\2026_04_24_17_32_35\\RewriteLabs\\ARCHITECTURE\\Docs Architecture Diagram.md","archive":"C:\\Users\\soren\\archive\\docs-legacy-2026-05-04T03-06-29-830Z\\orig\\RewriteLabs_Backup\\2026_04_24_17_32_35\\RewriteLabs\\ARCHITECTURE\\Docs Architecture Diagram.md"}
{"op":"copied","src":"C:\\Users\\soren\\google-drive-mcp\\docs\\RewriteLabs_Backup\\2026_04_24_17_32_35\\RewriteLabs\\BACKUP_POLICY.md","dest":"C:\\Users\\soren\\docs\\assets\\examples\\RewriteLabs_Backup\\2026_04_24_17_32_35\\RewriteLabs\\BACKUP_POLICY.md","srcHash":"a7961b0189364b41bb7acb28e3b511ea7d0d962a"}
{"op":"archived-original","src":"C:\\Users\\soren\\google-drive-mcp\\docs\\RewriteLabs_Backup\\2026_04_24_17_32_35\\RewriteLabs\\BACKUP_POLICY.md","archive":"C:\\Users\\soren\\archive\\docs-legacy-2026-05-04T03-06-29-830Z\\orig\\RewriteLabs_Backup\\2026_04_24_17_32_35\\RewriteLabs\\BACKUP_POLICY.md"}
{"op":"copied","src":"C:\\Users\\soren\\google-drive-mcp\\docs\\RewriteLabs_Backup\\2026_04_24_17_32_35\\RewriteLabs\\Docs Home.md","dest":"C:\\Users\\soren\\docs\\assets\\examples\\RewriteLabs_Backup\\2026_04_24_17_32_35\\RewriteLabs\\Docs Home.md","srcHash":"ca261acad2b6e22b2db65f2c986ca0c05dea8292"}
{"op":"archived-original","src":"C:\\Users\\soren\\google-drive-mcp\\docs\\RewriteLabs_Backup\\2026_04_24_17_32_35\\RewriteLabs\\Docs Home.md","archive":"C:\\Users\\soren\\archive\\docs-legacy-2026-05-04T03-06-29-830Z\\orig\\RewriteLabs_Backup\\2026_04_24_17_32_35\\RewriteLabs\\Docs Home.md"}
{"op":"copied","src":"C:\\Users\\soren\\google-drive-mcp\\docs\\RewriteLabs_Backup\\2026_04_24_17_32_35\\RewriteLabs\\Docs Metrics Dashboard Spec.md","dest":"C:\\Users\\soren\\docs\\assets\\examples\\RewriteLabs_Backup\\2026_04_24_17_32_35\\RewriteLabs\\Docs Metrics Dashboard Spec.md","srcHash":"f3c267d31697bb4870951d6123202f87e36c79d9"}
{"op":"archived-original","src":"C:\\Users\\soren\\google-drive-mcp\\docs\\RewriteLabs_Backup\\2026_04_24_17_32_35\\RewriteLabs\\Docs Metrics Dashboard Spec.md","archive":"C:\\Users\\soren\\archive\\docs-legacy-2026-05-04T03-06-29-830Z\\orig\\RewriteLabs_Backup\\2026_04_24_17_32_35\\RewriteLabs\\Docs Metrics Dashboard Spec.md"}
{"op":"copied","src":"C:\\Users\\soren\\google-drive-mcp\\docs\\RewriteLabs_Backup\\2026_04_24_17_32_35\\RewriteLabs\\Docs Search Index Generator.md","dest":"C:\\Users\\soren\\docs\\assets\\examples\\RewriteLabs_Backup\\2026_04_24_17_32_35\\RewriteLabs\\Docs Search Index Generator.md","srcHash":"79b75155772126619676ac9c5bc4a482a8734c17"}
{"op":"archived-original","src":"C:\\Users\\soren\\google-drive-mcp\\docs\\RewriteLabs_Backup\\2026_04_24_17_32_35\\RewriteLabs\\Docs Search Index Generator.md","archive":"C:\\Users\\soren\\archive\\docs-legacy-2026-05-04T03-06-29-830Z\\orig\\RewriteLabs_Backup\\2026_04_24_17_32_35\\RewriteLabs\\Docs Search Index Generator.md"}
{"op":"copied","src":"C:\\Users\\soren\\google-drive-mcp\\docs\\RewriteLabs_Backup\\2026_04_24_17_32_35\\RewriteLabs\\GOVERNANCE.md","dest":"C:\\Users\\soren\\docs\\assets\\examples\\RewriteLabs_Backup\\2026_04_24_17_32_35\\RewriteLabs\\GOVERNANCE.md","srcHash":"f5a6bec97bac37a832a743abde1422c4ca214656"}
{"op":"archived-original","src":"C:\\Users\\soren\\google-drive-mcp\\docs\\RewriteLabs_Backup\\2026_04_24_17_32_35\\RewriteLabs\\GOVERNANCE.md","archive":"C:\\Users\\soren\\archive\\docs-legacy-2026-05-04T03-06-29-830Z\\orig\\RewriteLabs_Backup\\2026_04_24_17_32_35\\RewriteLabs\\GOVERNANCE.md"}
{"op":"copied","src":"C:\\Users\\soren\\google-drive-mcp\\docs\\RewriteLabs_Backup\\2026_04_24_17_32_35\\RewriteLabs\\index.html","dest":"C:\\Users\\soren\\docs\\assets\\examples\\RewriteLabs_Backup\\2026_04_24_17_32_35\\RewriteLabs\\index.html","srcHash":"d82bf339c49703e0e7463a0fa98d1651bb7e088c"}
{"op":"archived-original","src":"C:\\Users\\soren\\google-drive-mcp\\docs\\RewriteLabs_Backup\\2026_04_24_17_32_35\\RewriteLabs\\index.html","archive":"C:\\Users\\soren\\archive\\docs-legacy-2026-05-04T03-06-29-830Z\\orig\\RewriteLabs_Backup\\2026_04_24_17_32_35\\RewriteLabs\\index.html"}
{"op":"copied","src":"C:\\Users\\soren\\google-drive-mcp\\docs\\RewriteLabs_Backup\\2026_04_24_17_32_35\\RewriteLabs\\INDEX.md","dest":"C:\\Users\\soren\\docs\\assets\\examples\\RewriteLabs_Backup\\2026_04_24_17_32_35\\RewriteLabs\\INDEX.md","srcHash":"842c390d27f37d113fd78785c3aa57af9be58aea"}
{"op":"archived-original","src":"C:\\Users\\soren\\google-drive-mcp\\docs\\RewriteLabs_Backup\\2026_04_24_17_32_35\\RewriteLabs\\INDEX.md","archive":"C:\\Users\\soren\\archive\\docs-legacy-2026-05-04T03-06-29-830Z\\orig\\RewriteLabs_Backup\\2026_04_24_17_32_35\\RewriteLabs\\INDEX.md"}
{"op":"copied","src":"C:\\Users\\soren\\google-drive-mcp\\docs\\RewriteLabs_Backup\\2026_04_24_17_32_35\\RewriteLabs\\LINTER\\Docs Linter Rules.md","dest":"C:\\Users\\soren\\docs\\assets\\examples\\RewriteLabs_Backup\\2026_04_24_17_32_35\\RewriteLabs\\LINTER\\Docs Linter Rules.md","srcHash":"650da60a4caf310742b758fb74a7b316df85f974"}
{"op":"archived-original","src":"C:\\Users\\soren\\google-drive-mcp\\docs\\RewriteLabs_Backup\\2026_04_24_17_32_35\\RewriteLabs\\LINTER\\Docs Linter Rules.md","archive":"C:\\Users\\soren\\archive\\docs-legacy-2026-05-04T03-06-29-830Z\\orig\\RewriteLabs_Backup\\2026_04_24_17_32_35\\RewriteLabs\\LINTER\\Docs Linter Rules.md"}
{"op":"copied","src":"C:\\Users\\soren\\google-drive-mcp\\docs\\RewriteLabs_Backup\\2026_04_24_17_32_35\\RewriteLabs\\Manuals\\CHANGELOG.md","dest":"C:\\Users\\soren\\docs\\assets\\examples\\RewriteLabs_Backup\\2026_04_24_17_32_35\\RewriteLabs\\Manuals\\CHANGELOG.md","srcHash":"7782c35626285728f58e560717451b4444ecccf4"}
{"op":"archived-original","src":"C:\\Users\\soren\\google-drive-mcp\\docs\\RewriteLabs_Backup\\2026_04_24_17_32_35\\RewriteLabs\\Manuals\\CHANGELOG.md","archive":"C:\\Users\\soren\\archive\\docs-legacy-2026-05-04T03-06-29-830Z\\orig\\RewriteLabs_Backup\\2026_04_24_17_32_35\\RewriteLabs\\Manuals\\CHANGELOG.md"}
{"op":"skip-ext","file":"C:\\Users\\soren\\google-drive-mcp\\docs\\RewriteLabs_Backup\\2026_04_24_17_32_35\\RewriteLabs\\Manuals\\Rewrite Labs - Master Instructions Manual (Updated with Outreach Automation).txt"}
{"op":"skip-ext","file":"C:\\Users\\soren\\google-drive-mcp\\docs\\RewriteLabs_Backup\\2026_04_24_17_32_35\\RewriteLabs\\mkdocs.yml"}
{"op":"copied","src":"C:\\Users\\soren\\google-drive-mcp\\docs\\RewriteLabs_Backup\\2026_04_24_17_32_35\\RewriteLabs\\OPERATOR_CONSOLE\\Docs API Wiring.md","dest":"C:\\Users\\soren\\docs\\assets\\examples\\RewriteLabs_Backup\\2026_04_24_17_32_35\\RewriteLabs\\OPERATOR_CONSOLE\\Docs API Wiring.md","srcHash":"b9d2c5b64eecd7e74e2b1976e2c1aef4460c8089"}
{"op":"archived-original","src":"C:\\Users\\soren\\google-drive-mcp\\docs\\RewriteLabs_Backup\\2026_04_24_17_32_35\\RewriteLabs\\OPERATOR_CONSOLE\\Docs API Wiring.md","archive":"C:\\Users\\soren\\archive\\docs-legacy-2026-05-04T03-06-29-830Z\\orig\\RewriteLabs_Backup\\2026_04_24_17_32_35\\RewriteLabs\\OPERATOR_CONSOLE\\Docs API Wiring.md"}
{"op":"copied","src":"C:\\Users\\soren\\google-drive-mcp\\docs\\RewriteLabs_Backup\\2026_04_24_17_32_35\\RewriteLabs\\OPERATOR_CONSOLE_INTEGRATION.md","dest":"C:\\Users\\soren\\docs\\assets\\examples\\RewriteLabs_Backup\\2026_04_24_17_32_35\\RewriteLabs\\OPERATOR_CONSOLE_INTEGRATION.md","srcHash":"714b851e2848c87ec601a182c064ab569c80715a"}
{"op":"archived-original","src":"C:\\Users\\soren\\google-drive-mcp\\docs\\RewriteLabs_Backup\\2026_04_24_17_32_35\\RewriteLabs\\OPERATOR_CONSOLE_INTEGRATION.md","archive":"C:\\Users\\soren\\archive\\docs-legacy-2026-05-04T03-06-29-830Z\\orig\\RewriteLabs_Backup\\2026_04_24_17_32_35\\RewriteLabs\\OPERATOR_CONSOLE_INTEGRATION.md"}
{"op":"copied","src":"C:\\Users\\soren\\google-drive-mcp\\docs\\RewriteLabs_Backup\\2026_04_24_17_32_35\\RewriteLabs\\Outreach\\CHANGELOG.md","dest":"C:\\Users\\soren\\docs\\assets\\examples\\RewriteLabs_Backup\\2026_04_24_17_32_35\\RewriteLabs\\Outreach\\CHANGELOG.md","srcHash":"b1f1b402dc6757c5523cd9a91ccf771769acbac6"}
{"op":"archived-original","src":"C:\\Users\\soren\\google-drive-mcp\\docs\\RewriteLabs_Backup\\2026_04_24_17_32_35\\RewriteLabs\\Outreach\\CHANGELOG.md","archive":"C:\\Users\\soren\\archive\\docs-legacy-2026-05-04T03-06-29-830Z\\orig\\RewriteLabs_Backup\\2026_04_24_17_32_35\\RewriteLabs\\Outreach\\CHANGELOG.md"}
{"op":"skip-ext","file":"C:\\Users\\soren\\google-drive-mcp\\docs\\RewriteLabs_Backup\\2026_04_24_17_32_35\\RewriteLabs\\Outreach\\Rewrite Labs - Outreach Automation Playbook.txt"}
{"op":"copied","src":"C:\\Users\\soren\\google-drive-mcp\\docs\\RewriteLabs_Backup\\2026_04_24_17_32_35\\RewriteLabs\\PLATFORM\\Docs Integration Plan.md","dest":"C:\\Users\\soren\\docs\\assets\\examples\\RewriteLabs_Backup\\2026_04_24_17_32_35\\RewriteLabs\\PLATFORM\\Docs Integration Plan.md","srcHash":"1edcb62c30974d3d4c669b4d156f90791211bb34"}
{"op":"archived-original","src":"C:\\Users\\soren\\google-drive-mcp\\docs\\RewriteLabs_Backup\\2026_04_24_17_32_35\\RewriteLabs\\PLATFORM\\Docs Integration Plan.md","archive":"C:\\Users\\soren\\archive\\docs-legacy-2026-05-04T03-06-29-830Z\\orig\\RewriteLabs_Backup\\2026_04_24_17_32_35\\RewriteLabs\\PLATFORM\\Docs Integration Plan.md"}
{"op":"copied","src":"C:\\Users\\soren\\google-drive-mcp\\docs\\RewriteLabs_Backup\\2026_04_24_17_32_35\\RewriteLabs\\PLATFORM\\index.html","dest":"C:\\Users\\soren\\docs\\assets\\examples\\RewriteLabs_Backup\\2026_04_24_17_32_35\\RewriteLabs\\PLATFORM\\index.html","srcHash":"af4e1295a372fb675e06355bd01197a199cd3c66"}
{"op":"archived-original","src":"C:\\Users\\soren\\google-drive-mcp\\docs\\RewriteLabs_Backup\\2026_04_24_17_32_35\\RewriteLabs\\PLATFORM\\index.html","archive":"C:\\Users\\soren\\archive\\docs-legacy-2026-05-04T03-06-29-830Z\\orig\\RewriteLabs_Backup\\2026_04_24_17_32_35\\RewriteLabs\\PLATFORM\\index.html"}
{"op":"copied","src":"C:\\Users\\soren\\google-drive-mcp\\docs\\RewriteLabs_Backup\\2026_04_24_17_32_35\\RewriteLabs\\PLATFORM\\portal.js","dest":"C:\\Users\\soren\\docs\\assets\\examples\\RewriteLabs_Backup\\2026_04_24_17_32_35\\RewriteLabs\\PLATFORM\\portal.js","srcHash":"b9d2c5b64eecd7e74e2b1976e2c1aef4460c8089"}
{"op":"archived-original","src":"C:\\Users\\soren\\google-drive-mcp\\docs\\RewriteLabs_Backup\\2026_04_24_17_32_35\\RewriteLabs\\PLATFORM\\portal.js","archive":"C:\\Users\\soren\\archive\\docs-legacy-2026-05-04T03-06-29-830Z\\orig\\RewriteLabs_Backup\\2026_04_24_17_32_35\\RewriteLabs\\PLATFORM\\portal.js"}
{"op":"skip-ext","file":"C:\\Users\\soren\\google-drive-mcp\\docs\\RewriteLabs_Backup\\2026_04_24_17_32_35\\RewriteLabs\\PLATFORM\\styles.css"}
{"op":"copied","src":"C:\\Users\\soren\\google-drive-mcp\\docs\\RewriteLabs_Backup\\2026_04_24_17_32_35\\RewriteLabs\\PORTAL\\Docs Portal Performance Optimization Plan.md","dest":"C:\\Users\\soren\\docs\\assets\\examples\\RewriteLabs_Backup\\2026_04_24_17_32_35\\RewriteLabs\\PORTAL\\Docs Portal Performance Optimization Plan.md","srcHash":"26a6c1941f190ac87837a3185ec5de0bec8c6faf"}
{"op":"archived-original","src":"C:\\Users\\soren\\google-drive-mcp\\docs\\RewriteLabs_Backup\\2026_04_24_17_32_35\\RewriteLabs\\PORTAL\\Docs Portal Performance Optimization Plan.md","archive":"C:\\Users\\soren\\archive\\docs-legacy-2026-05-04T03-06-29-830Z\\orig\\RewriteLabs_Backup\\2026_04_24_17_32_35\\RewriteLabs\\PORTAL\\Docs Portal Performance Optimization Plan.md"}
{"op":"copied","src":"C:\\Users\\soren\\google-drive-mcp\\docs\\RewriteLabs_Backup\\2026_04_24_17_32_35\\RewriteLabs\\PORTAL\\Docs Portal Search UI Spec.md","dest":"C:\\Users\\soren\\docs\\assets\\examples\\RewriteLabs_Backup\\2026_04_24_17_32_35\\RewriteLabs\\PORTAL\\Docs Portal Search UI Spec.md","srcHash":"34ec7aa9e53cf6321fb94727c5160fef7e8afb2b"}
{"op":"archived-original","src":"C:\\Users\\soren\\google-drive-mcp\\docs\\RewriteLabs_Backup\\2026_04_24_17_32_35\\RewriteLabs\\PORTAL\\Docs Portal Search UI Spec.md","archive":"C:\\Users\\soren\\archive\\docs-legacy-2026-05-04T03-06-29-830Z\\orig\\RewriteLabs_Backup\\2026_04_24_17_32_35\\RewriteLabs\\PORTAL\\Docs Portal Search UI Spec.md"}
{"op":"copied","src":"C:\\Users\\soren\\google-drive-mcp\\docs\\RewriteLabs_Backup\\2026_04_24_17_32_35\\RewriteLabs\\PORTAL\\search.js","dest":"C:\\Users\\soren\\docs\\assets\\examples\\RewriteLabs_Backup\\2026_04_24_17_32_35\\RewriteLabs\\PORTAL\\search.js","srcHash":"0730ac5abe56b26029233a9a5cacaca0f1ce4d09"}
{"op":"archived-original","src":"C:\\Users\\soren\\google-drive-mcp\\docs\\RewriteLabs_Backup\\2026_04_24_17_32_35\\RewriteLabs\\PORTAL\\search.js","archive":"C:\\Users\\soren\\archive\\docs-legacy-2026-05-04T03-06-29-830Z\\orig\\RewriteLabs_Backup\\2026_04_24_17_32_35\\RewriteLabs\\PORTAL\\search.js"}
{"op":"copied","src":"C:\\Users\\soren\\google-drive-mcp\\docs\\RewriteLabs_Backup\\2026_04_24_17_32_35\\RewriteLabs\\QA\\Docs QA Checklist.md","dest":"C:\\Users\\soren\\docs\\assets\\examples\\RewriteLabs_Backup\\2026_04_24_17_32_35\\RewriteLabs\\QA\\Docs QA Checklist.md","srcHash":"eddf349e32d04d6a27fa6d81cfa8349d659bd22e"}
{"op":"archived-original","src":"C:\\Users\\soren\\google-drive-mcp\\docs\\RewriteLabs_Backup\\2026_04_24_17_32_35\\RewriteLabs\\QA\\Docs QA Checklist.md","archive":"C:\\Users\\soren\\archive\\docs-legacy-2026-05-04T03-06-29-830Z\\orig\\RewriteLabs_Backup\\2026_04_24_17_32_35\\RewriteLabs\\QA\\Docs QA Checklist.md"}
{"op":"skip-duplicate","src":"C:\\Users\\soren\\google-drive-mcp\\docs\\RewriteLabs_Backup\\2026_04_24_17_32_35\\RewriteLabs\\README.md","dest":"C:\\Users\\soren\\docs\\README.md","srcHash":"a3fc9b959a0f77895f7de22bbda7f27a444f0b81"}
{"op":"archived-original","src":"C:\\Users\\soren\\google-drive-mcp\\docs\\RewriteLabs_Backup\\2026_04_24_17_32_35\\RewriteLabs\\README.md","archive":"C:\\Users\\soren\\archive\\docs-legacy-2026-05-04T03-06-29-830Z\\orig\\RewriteLabs_Backup\\2026_04_24_17_32_35\\RewriteLabs\\README.md"}
{"op":"copied","src":"C:\\Users\\soren\\google-drive-mcp\\docs\\RewriteLabs_Backup\\2026_04_24_17_32_35\\RewriteLabs\\RELEASE_PIPELINE.md","dest":"C:\\Users\\soren\\docs\\assets\\examples\\RewriteLabs_Backup\\2026_04_24_17_32_35\\RewriteLabs\\RELEASE_PIPELINE.md","srcHash":"557ad0f6f36fac1f1d4574e96afb58e345e5b3e4"}
{"op":"archived-original","src":"C:\\Users\\soren\\google-drive-mcp\\docs\\RewriteLabs_Backup\\2026_04_24_17_32_35\\RewriteLabs\\RELEASE_PIPELINE.md","archive":"C:\\Users\\soren\\archive\\docs-legacy-2026-05-04T03-06-29-830Z\\orig\\RewriteLabs_Backup\\2026_04_24_17_32_35\\RewriteLabs\\RELEASE_PIPELINE.md"}
{"op":"copied","src":"C:\\Users\\soren\\google-drive-mcp\\docs\\RewriteLabs_Backup\\2026_04_24_17_32_35\\RewriteLabs\\Roadmaps\\CHANGELOG.md","dest":"C:\\Users\\soren\\docs\\assets\\examples\\RewriteLabs_Backup\\2026_04_24_17_32_35\\RewriteLabs\\Roadmaps\\CHANGELOG.md","srcHash":"9c92c7f28c22e256ea19e97acbf9bc5268978253"}
{"op":"archived-original","src":"C:\\Users\\soren\\google-drive-mcp\\docs\\RewriteLabs_Backup\\2026_04_24_17_32_35\\RewriteLabs\\Roadmaps\\CHANGELOG.md","archive":"C:\\Users\\soren\\archive\\docs-legacy-2026-05-04T03-06-29-830Z\\orig\\RewriteLabs_Backup\\2026_04_24_17_32_35\\RewriteLabs\\Roadmaps\\CHANGELOG.md"}
{"op":"copied","src":"C:\\Users\\soren\\google-drive-mcp\\docs\\RewriteLabs_Backup\\2026_04_24_17_32_35\\RewriteLabs\\Roadmaps\\Docs Automation Roadmap.md","dest":"C:\\Users\\soren\\docs\\assets\\examples\\RewriteLabs_Backup\\2026_04_24_17_32_35\\RewriteLabs\\Roadmaps\\Docs Automation Roadmap.md","srcHash":"b86ad067872ed629d5102979b473b252c1dc82ff"}
{"op":"archived-original","src":"C:\\Users\\soren\\google-drive-mcp\\docs\\RewriteLabs_Backup\\2026_04_24_17_32_35\\RewriteLabs\\Roadmaps\\Docs Automation Roadmap.md","archive":"C:\\Users\\soren\\archive\\docs-legacy-2026-05-04T03-06-29-830Z\\orig\\RewriteLabs_Backup\\2026_04_24_17_32_35\\RewriteLabs\\Roadmaps\\Docs Automation Roadmap.md"}
{"op":"skip-ext","file":"C:\\Users\\soren\\google-drive-mcp\\docs\\RewriteLabs_Backup\\2026_04_24_17_32_35\\RewriteLabs\\Roadmaps\\Rewrite Labs - Master Roadmap (Updated with Outreach Automation Track).txt"}
{"op":"copied","src":"C:\\Users\\soren\\google-drive-mcp\\docs\\RewriteLabs_Backup\\2026_04_24_17_32_35\\RewriteLabs\\search-index.json","dest":"C:\\Users\\soren\\docs\\assets\\examples\\RewriteLabs_Backup\\2026_04_24_17_32_35\\RewriteLabs\\search-index.json","srcHash":"831fc6f0bf34fb7e3b1d0a0939bf83e0d3d645a8"}
{"op":"archived-original","src":"C:\\Users\\soren\\google-drive-mcp\\docs\\RewriteLabs_Backup\\2026_04_24_17_32_35\\RewriteLabs\\search-index.json","archive":"C:\\Users\\soren\\archive\\docs-legacy-2026-05-04T03-06-29-830Z\\orig\\RewriteLabs_Backup\\2026_04_24_17_32_35\\RewriteLabs\\search-index.json"}
{"op":"copied","src":"C:\\Users\\soren\\google-drive-mcp\\docs\\RewriteLabs_Backup\\2026_04_24_17_32_35\\RewriteLabs\\SITEMAP.md","dest":"C:\\Users\\soren\\docs\\assets\\examples\\RewriteLabs_Backup\\2026_04_24_17_32_35\\RewriteLabs\\SITEMAP.md","srcHash":"88518c7d0f2107da074ed48c7de02c39764abd29"}
{"op":"archived-original","src":"C:\\Users\\soren\\google-drive-mcp\\docs\\RewriteLabs_Backup\\2026_04_24_17_32_35\\RewriteLabs\\SITEMAP.md","archive":"C:\\Users\\soren\\archive\\docs-legacy-2026-05-04T03-06-29-830Z\\orig\\RewriteLabs_Backup\\2026_04_24_17_32_35\\RewriteLabs\\SITEMAP.md"}
{"op":"copied","src":"C:\\Users\\soren\\google-drive-mcp\\docs\\RewriteLabs_Backup\\2026_04_24_17_32_35\\RewriteLabs\\UI\\Docs Automation Roadmap.md","dest":"C:\\Users\\soren\\docs\\assets\\examples\\RewriteLabs_Backup\\2026_04_24_17_32_35\\RewriteLabs\\UI\\Docs Automation Roadmap.md","srcHash":"e24927e4f8edf308d77463225f509acc3e7162f4"}
{"op":"archived-original","src":"C:\\Users\\soren\\google-drive-mcp\\docs\\RewriteLabs_Backup\\2026_04_24_17_32_35\\RewriteLabs\\UI\\Docs Automation Roadmap.md","archive":"C:\\Users\\soren\\archive\\docs-legacy-2026-05-04T03-06-29-830Z\\orig\\RewriteLabs_Backup\\2026_04_24_17_32_35\\RewriteLabs\\UI\\Docs Automation Roadmap.md"}
{"op":"copied","src":"C:\\Users\\soren\\google-drive-mcp\\docs\\RewriteLabs_Backup\\2026_04_24_17_32_35\\RewriteLabs\\UI\\Docs Dashboard Spec.md","dest":"C:\\Users\\soren\\docs\\assets\\examples\\RewriteLabs_Backup\\2026_04_24_17_32_35\\RewriteLabs\\UI\\Docs Dashboard Spec.md","srcHash":"437c0cd0cd01a94c566eade64fccfce74186ccc2"}
{"op":"archived-original","src":"C:\\Users\\soren\\google-drive-mcp\\docs\\RewriteLabs_Backup\\2026_04_24_17_32_35\\RewriteLabs\\UI\\Docs Dashboard Spec.md","archive":"C:\\Users\\soren\\archive\\docs-legacy-2026-05-04T03-06-29-830Z\\orig\\RewriteLabs_Backup\\2026_04_24_17_32_35\\RewriteLabs\\UI\\Docs Dashboard Spec.md"}
{"op":"skip-ext","file":"C:\\Users\\soren\\google-drive-mcp\\docs\\RewriteLabs_Backup\\2026_04_24_17_32_35\\RewriteLabs\\UI\\Operator Console Mock UI.txt"}
{"op":"copied","src":"C:\\Users\\soren\\google-drive-mcp\\docs\\RewriteLabs_Backup\\2026_04_24_17_32_35\\RewriteLabs\\version-manifest.json","dest":"C:\\Users\\soren\\docs\\assets\\examples\\RewriteLabs_Backup\\2026_04_24_17_32_35\\RewriteLabs\\version-manifest.json","srcHash":"620b529d0936e543afd1e494ee533b7ba947f616"}
{"op":"archived-original","src":"C:\\Users\\soren\\google-drive-mcp\\docs\\RewriteLabs_Backup\\2026_04_24_17_32_35\\RewriteLabs\\version-manifest.json","archive":"C:\\Users\\soren\\archive\\docs-legacy-2026-05-04T03-06-29-830Z\\orig\\RewriteLabs_Backup\\2026_04_24_17_32_35\\RewriteLabs\\version-manifest.json"}
{"op":"copied","src":"C:\\Users\\soren\\google-drive-mcp\\docs\\RewriteLabs_Backup\\2026_04_24_17_32_35\\RewriteLabs\\VERSIONING.md","dest":"C:\\Users\\soren\\docs\\assets\\examples\\RewriteLabs_Backup\\2026_04_24_17_32_35\\RewriteLabs\\VERSIONING.md","srcHash":"cac03bd0a38ffb3631372bb62eec9245e93f5bac"}
{"op":"archived-original","src":"C:\\Users\\soren\\google-drive-mcp\\docs\\RewriteLabs_Backup\\2026_04_24_17_32_35\\RewriteLabs\\VERSIONING.md","archive":"C:\\Users\\soren\\archive\\docs-legacy-2026-05-04T03-06-29-830Z\\orig\\RewriteLabs_Backup\\2026_04_24_17_32_35\\RewriteLabs\\VERSIONING.md"}
{"op":"copied","src":"C:\\Users\\soren\\google-drive-mcp\\docs\\RewriteLabs_Backup\\2026_04_24_17_33_06\\RewriteLabs\\AI\\CHANGELOG.md","dest":"C:\\Users\\soren\\docs\\assets\\examples\\RewriteLabs_Backup\\2026_04_24_17_33_06\\RewriteLabs\\AI\\CHANGELOG.md","srcHash":"e2727c41b5f21d5b1d30a88848947f0a6a9b5dc5"}
{"op":"archived-original","src":"C:\\Users\\soren\\google-drive-mcp\\docs\\RewriteLabs_Backup\\2026_04_24_17_33_06\\RewriteLabs\\AI\\CHANGELOG.md","archive":"C:\\Users\\soren\\archive\\docs-legacy-2026-05-04T03-06-29-830Z\\orig\\RewriteLabs_Backup\\2026_04_24_17_33_06\\RewriteLabs\\AI\\CHANGELOG.md"}
{"op":"copied","src":"C:\\Users\\soren\\google-drive-mcp\\docs\\RewriteLabs_Backup\\2026_04_24_17_33_06\\RewriteLabs\\AI\\Docs AI Integration.md","dest":"C:\\Users\\soren\\docs\\assets\\examples\\RewriteLabs_Backup\\2026_04_24_17_33_06\\RewriteLabs\\AI\\Docs AI Integration.md","srcHash":"78c9fd4ad817a811c0159604c5023a3c0b6331ce"}
{"op":"archived-original","src":"C:\\Users\\soren\\google-drive-mcp\\docs\\RewriteLabs_Backup\\2026_04_24_17_33_06\\RewriteLabs\\AI\\Docs AI Integration.md","archive":"C:\\Users\\soren\\archive\\docs-legacy-2026-05-04T03-06-29-830Z\\orig\\RewriteLabs_Backup\\2026_04_24_17_33_06\\RewriteLabs\\AI\\Docs AI Integration.md"}
{"op":"copied","src":"C:\\Users\\soren\\google-drive-mcp\\docs\\RewriteLabs_Backup\\2026_04_24_17_33_06\\RewriteLabs\\API\\CHANGELOG.md","dest":"C:\\Users\\soren\\docs\\assets\\examples\\RewriteLabs_Backup\\2026_04_24_17_33_06\\RewriteLabs\\API\\CHANGELOG.md","srcHash":"e2727c41b5f21d5b1d30a88848947f0a6a9b5dc5"}
{"op":"archived-original","src":"C:\\Users\\soren\\google-drive-mcp\\docs\\RewriteLabs_Backup\\2026_04_24_17_33_06\\RewriteLabs\\API\\CHANGELOG.md","archive":"C:\\Users\\soren\\archive\\docs-legacy-2026-05-04T03-06-29-830Z\\orig\\RewriteLabs_Backup\\2026_04_24_17_33_06\\RewriteLabs\\API\\CHANGELOG.md"}
{"op":"copied","src":"C:\\Users\\soren\\google-drive-mcp\\docs\\RewriteLabs_Backup\\2026_04_24_17_33_06\\RewriteLabs\\API\\Docs API Specification.md","dest":"C:\\Users\\soren\\docs\\assets\\examples\\RewriteLabs_Backup\\2026_04_24_17_33_06\\RewriteLabs\\API\\Docs API Specification.md","srcHash":"2a3d0deb23897ac15c09da0f24ed467894b20c88"}
{"op":"archived-original","src":"C:\\Users\\soren\\google-drive-mcp\\docs\\RewriteLabs_Backup\\2026_04_24_17_33_06\\RewriteLabs\\API\\Docs API Specification.md","archive":"C:\\Users\\soren\\archive\\docs-legacy-2026-05-04T03-06-29-830Z\\orig\\RewriteLabs_Backup\\2026_04_24_17_33_06\\RewriteLabs\\API\\Docs API Specification.md"}
{"op":"copied","src":"C:\\Users\\soren\\google-drive-mcp\\docs\\RewriteLabs_Backup\\2026_04_24_17_33_06\\RewriteLabs\\ARCHITECTURE\\CHANGELOG.md","dest":"C:\\Users\\soren\\docs\\assets\\examples\\RewriteLabs_Backup\\2026_04_24_17_33_06\\RewriteLabs\\ARCHITECTURE\\CHANGELOG.md","srcHash":"e2727c41b5f21d5b1d30a88848947f0a6a9b5dc5"}
{"op":"archived-original","src":"C:\\Users\\soren\\google-drive-mcp\\docs\\RewriteLabs_Backup\\2026_04_24_17_33_06\\RewriteLabs\\ARCHITECTURE\\CHANGELOG.md","archive":"C:\\Users\\soren\\archive\\docs-legacy-2026-05-04T03-06-29-830Z\\orig\\RewriteLabs_Backup\\2026_04_24_17_33_06\\RewriteLabs\\ARCHITECTURE\\CHANGELOG.md"}
{"op":"copied","src":"C:\\Users\\soren\\google-drive-mcp\\docs\\RewriteLabs_Backup\\2026_04_24_17_33_06\\RewriteLabs\\ARCHITECTURE\\Docs Architecture Diagram.md","dest":"C:\\Users\\soren\\docs\\assets\\examples\\RewriteLabs_Backup\\2026_04_24_17_33_06\\RewriteLabs\\ARCHITECTURE\\Docs Architecture Diagram.md","srcHash":"437c0cd0cd01a94c566eade64fccfce74186ccc2"}
{"op":"archived-original","src":"C:\\Users\\soren\\google-drive-mcp\\docs\\RewriteLabs_Backup\\2026_04_24_17_33_06\\RewriteLabs\\ARCHITECTURE\\Docs Architecture Diagram.md","archive":"C:\\Users\\soren\\archive\\docs-legacy-2026-05-04T03-06-29-830Z\\orig\\RewriteLabs_Backup\\2026_04_24_17_33_06\\RewriteLabs\\ARCHITECTURE\\Docs Architecture Diagram.md"}
{"op":"copied","src":"C:\\Users\\soren\\google-drive-mcp\\docs\\RewriteLabs_Backup\\2026_04_24_17_33_06\\RewriteLabs\\BACKUP_POLICY.md","dest":"C:\\Users\\soren\\docs\\assets\\examples\\RewriteLabs_Backup\\2026_04_24_17_33_06\\RewriteLabs\\BACKUP_POLICY.md","srcHash":"a7961b0189364b41bb7acb28e3b511ea7d0d962a"}
{"op":"archived-original","src":"C:\\Users\\soren\\google-drive-mcp\\docs\\RewriteLabs_Backup\\2026_04_24_17_33_06\\RewriteLabs\\BACKUP_POLICY.md","archive":"C:\\Users\\soren\\archive\\docs-legacy-2026-05-04T03-06-29-830Z\\orig\\RewriteLabs_Backup\\2026_04_24_17_33_06\\RewriteLabs\\BACKUP_POLICY.md"}
{"op":"copied","src":"C:\\Users\\soren\\google-drive-mcp\\docs\\RewriteLabs_Backup\\2026_04_24_17_33_06\\RewriteLabs\\DASHBOARD\\CHANGELOG.md","dest":"C:\\Users\\soren\\docs\\assets\\examples\\RewriteLabs_Backup\\2026_04_24_17_33_06\\RewriteLabs\\DASHBOARD\\CHANGELOG.md","srcHash":"e2727c41b5f21d5b1d30a88848947f0a6a9b5dc5"}
{"op":"archived-original","src":"C:\\Users\\soren\\google-drive-mcp\\docs\\RewriteLabs_Backup\\2026_04_24_17_33_06\\RewriteLabs\\DASHBOARD\\CHANGELOG.md","archive":"C:\\Users\\soren\\archive\\docs-legacy-2026-05-04T03-06-29-830Z\\orig\\RewriteLabs_Backup\\2026_04_24_17_33_06\\RewriteLabs\\DASHBOARD\\CHANGELOG.md"}
{"op":"copied","src":"C:\\Users\\soren\\google-drive-mcp\\docs\\RewriteLabs_Backup\\2026_04_24_17_33_06\\RewriteLabs\\Docs Home.md","dest":"C:\\Users\\soren\\docs\\assets\\examples\\RewriteLabs_Backup\\2026_04_24_17_33_06\\RewriteLabs\\Docs Home.md","srcHash":"ca261acad2b6e22b2db65f2c986ca0c05dea8292"}
{"op":"archived-original","src":"C:\\Users\\soren\\google-drive-mcp\\docs\\RewriteLabs_Backup\\2026_04_24_17_33_06\\RewriteLabs\\Docs Home.md","archive":"C:\\Users\\soren\\archive\\docs-legacy-2026-05-04T03-06-29-830Z\\orig\\RewriteLabs_Backup\\2026_04_24_17_33_06\\RewriteLabs\\Docs Home.md"}
{"op":"copied","src":"C:\\Users\\soren\\google-drive-mcp\\docs\\RewriteLabs_Backup\\2026_04_24_17_33_06\\RewriteLabs\\Docs Metrics Dashboard Spec.md","dest":"C:\\Users\\soren\\docs\\assets\\examples\\RewriteLabs_Backup\\2026_04_24_17_33_06\\RewriteLabs\\Docs Metrics Dashboard Spec.md","srcHash":"f3c267d31697bb4870951d6123202f87e36c79d9"}
{"op":"archived-original","src":"C:\\Users\\soren\\google-drive-mcp\\docs\\RewriteLabs_Backup\\2026_04_24_17_33_06\\RewriteLabs\\Docs Metrics Dashboard Spec.md","archive":"C:\\Users\\soren\\archive\\docs-legacy-2026-05-04T03-06-29-830Z\\orig\\RewriteLabs_Backup\\2026_04_24_17_33_06\\RewriteLabs\\Docs Metrics Dashboard Spec.md"}
{"op":"copied","src":"C:\\Users\\soren\\google-drive-mcp\\docs\\RewriteLabs_Backup\\2026_04_24_17_33_06\\RewriteLabs\\Docs Search Index Generator.md","dest":"C:\\Users\\soren\\docs\\assets\\examples\\RewriteLabs_Backup\\2026_04_24_17_33_06\\RewriteLabs\\Docs Search Index Generator.md","srcHash":"79b75155772126619676ac9c5bc4a482a8734c17"}
{"op":"archived-original","src":"C:\\Users\\soren\\google-drive-mcp\\docs\\RewriteLabs_Backup\\2026_04_24_17_33_06\\RewriteLabs\\Docs Search Index Generator.md","archive":"C:\\Users\\soren\\archive\\docs-legacy-2026-05-04T03-06-29-830Z\\orig\\RewriteLabs_Backup\\2026_04_24_17_33_06\\RewriteLabs\\Docs Search Index Generator.md"}
{"op":"copied","src":"C:\\Users\\soren\\google-drive-mcp\\docs\\RewriteLabs_Backup\\2026_04_24_17_33_06\\RewriteLabs\\GOVERNANCE.md","dest":"C:\\Users\\soren\\docs\\assets\\examples\\RewriteLabs_Backup\\2026_04_24_17_33_06\\RewriteLabs\\GOVERNANCE.md","srcHash":"f5a6bec97bac37a832a743abde1422c4ca214656"}
{"op":"archived-original","src":"C:\\Users\\soren\\google-drive-mcp\\docs\\RewriteLabs_Backup\\2026_04_24_17_33_06\\RewriteLabs\\GOVERNANCE.md","archive":"C:\\Users\\soren\\archive\\docs-legacy-2026-05-04T03-06-29-830Z\\orig\\RewriteLabs_Backup\\2026_04_24_17_33_06\\RewriteLabs\\GOVERNANCE.md"}
{"op":"copied","src":"C:\\Users\\soren\\google-drive-mcp\\docs\\RewriteLabs_Backup\\2026_04_24_17_33_06\\RewriteLabs\\index.html","dest":"C:\\Users\\soren\\docs\\assets\\examples\\RewriteLabs_Backup\\2026_04_24_17_33_06\\RewriteLabs\\index.html","srcHash":"d82bf339c49703e0e7463a0fa98d1651bb7e088c"}
{"op":"archived-original","src":"C:\\Users\\soren\\google-drive-mcp\\docs\\RewriteLabs_Backup\\2026_04_24_17_33_06\\RewriteLabs\\index.html","archive":"C:\\Users\\soren\\archive\\docs-legacy-2026-05-04T03-06-29-830Z\\orig\\RewriteLabs_Backup\\2026_04_24_17_33_06\\RewriteLabs\\index.html"}
{"op":"copied","src":"C:\\Users\\soren\\google-drive-mcp\\docs\\RewriteLabs_Backup\\2026_04_24_17_33_06\\RewriteLabs\\INDEX.md","dest":"C:\\Users\\soren\\docs\\assets\\examples\\RewriteLabs_Backup\\2026_04_24_17_33_06\\RewriteLabs\\INDEX.md","srcHash":"65f0d20b4b1bda0e8a00c3b8cb9f208cb6a4951b"}
{"op":"archived-original","src":"C:\\Users\\soren\\google-drive-mcp\\docs\\RewriteLabs_Backup\\2026_04_24_17_33_06\\RewriteLabs\\INDEX.md","archive":"C:\\Users\\soren\\archive\\docs-legacy-2026-05-04T03-06-29-830Z\\orig\\RewriteLabs_Backup\\2026_04_24_17_33_06\\RewriteLabs\\INDEX.md"}
{"op":"copied","src":"C:\\Users\\soren\\google-drive-mcp\\docs\\RewriteLabs_Backup\\2026_04_24_17_33_06\\RewriteLabs\\LINTER\\CHANGELOG.md","dest":"C:\\Users\\soren\\docs\\assets\\examples\\RewriteLabs_Backup\\2026_04_24_17_33_06\\RewriteLabs\\LINTER\\CHANGELOG.md","srcHash":"e2727c41b5f21d5b1d30a88848947f0a6a9b5dc5"}
{"op":"archived-original","src":"C:\\Users\\soren\\google-drive-mcp\\docs\\RewriteLabs_Backup\\2026_04_24_17_33_06\\RewriteLabs\\LINTER\\CHANGELOG.md","archive":"C:\\Users\\soren\\archive\\docs-legacy-2026-05-04T03-06-29-830Z\\orig\\RewriteLabs_Backup\\2026_04_24_17_33_06\\RewriteLabs\\LINTER\\CHANGELOG.md"}
{"op":"copied","src":"C:\\Users\\soren\\google-drive-mcp\\docs\\RewriteLabs_Backup\\2026_04_24_17_33_06\\RewriteLabs\\LINTER\\Docs Linter Rules.md","dest":"C:\\Users\\soren\\docs\\assets\\examples\\RewriteLabs_Backup\\2026_04_24_17_33_06\\RewriteLabs\\LINTER\\Docs Linter Rules.md","srcHash":"650da60a4caf310742b758fb74a7b316df85f974"}
{"op":"archived-original","src":"C:\\Users\\soren\\google-drive-mcp\\docs\\RewriteLabs_Backup\\2026_04_24_17_33_06\\RewriteLabs\\LINTER\\Docs Linter Rules.md","archive":"C:\\Users\\soren\\archive\\docs-legacy-2026-05-04T03-06-29-830Z\\orig\\RewriteLabs_Backup\\2026_04_24_17_33_06\\RewriteLabs\\LINTER\\Docs Linter Rules.md"}
{"op":"copied","src":"C:\\Users\\soren\\google-drive-mcp\\docs\\RewriteLabs_Backup\\2026_04_24_17_33_06\\RewriteLabs\\Manuals\\CHANGELOG.md","dest":"C:\\Users\\soren\\docs\\assets\\examples\\RewriteLabs_Backup\\2026_04_24_17_33_06\\RewriteLabs\\Manuals\\CHANGELOG.md","srcHash":"3082b2ed011b7752934ac063fd996f6f03ad0fc7"}
{"op":"archived-original","src":"C:\\Users\\soren\\google-drive-mcp\\docs\\RewriteLabs_Backup\\2026_04_24_17_33_06\\RewriteLabs\\Manuals\\CHANGELOG.md","archive":"C:\\Users\\soren\\archive\\docs-legacy-2026-05-04T03-06-29-830Z\\orig\\RewriteLabs_Backup\\2026_04_24_17_33_06\\RewriteLabs\\Manuals\\CHANGELOG.md"}
{"op":"skip-ext","file":"C:\\Users\\soren\\google-drive-mcp\\docs\\RewriteLabs_Backup\\2026_04_24_17_33_06\\RewriteLabs\\Manuals\\Rewrite Labs - Master Instructions Manual (Updated with Outreach Automation).txt"}
{"op":"skip-ext","file":"C:\\Users\\soren\\google-drive-mcp\\docs\\RewriteLabs_Backup\\2026_04_24_17_33_06\\RewriteLabs\\mkdocs.yml"}
{"op":"copied","src":"C:\\Users\\soren\\google-drive-mcp\\docs\\RewriteLabs_Backup\\2026_04_24_17_33_06\\RewriteLabs\\OPERATOR_CONSOLE\\CHANGELOG.md","dest":"C:\\Users\\soren\\docs\\assets\\examples\\RewriteLabs_Backup\\2026_04_24_17_33_06\\RewriteLabs\\OPERATOR_CONSOLE\\CHANGELOG.md","srcHash":"e2727c41b5f21d5b1d30a88848947f0a6a9b5dc5"}
{"op":"archived-original","src":"C:\\Users\\soren\\google-drive-mcp\\docs\\RewriteLabs_Backup\\2026_04_24_17_33_06\\RewriteLabs\\OPERATOR_CONSOLE\\CHANGELOG.md","archive":"C:\\Users\\soren\\archive\\docs-legacy-2026-05-04T03-06-29-830Z\\orig\\RewriteLabs_Backup\\2026_04_24_17_33_06\\RewriteLabs\\OPERATOR_CONSOLE\\CHANGELOG.md"}
{"op":"copied","src":"C:\\Users\\soren\\google-drive-mcp\\docs\\RewriteLabs_Backup\\2026_04_24_17_33_06\\RewriteLabs\\OPERATOR_CONSOLE\\Docs API Wiring.md","dest":"C:\\Users\\soren\\docs\\assets\\examples\\RewriteLabs_Backup\\2026_04_24_17_33_06\\RewriteLabs\\OPERATOR_CONSOLE\\Docs API Wiring.md","srcHash":"b9d2c5b64eecd7e74e2b1976e2c1aef4460c8089"}
{"op":"archived-original","src":"C:\\Users\\soren\\google-drive-mcp\\docs\\RewriteLabs_Backup\\2026_04_24_17_33_06\\RewriteLabs\\OPERATOR_CONSOLE\\Docs API Wiring.md","archive":"C:\\Users\\soren\\archive\\docs-legacy-2026-05-04T03-06-29-830Z\\orig\\RewriteLabs_Backup\\2026_04_24_17_33_06\\RewriteLabs\\OPERATOR_CONSOLE\\Docs API Wiring.md"}
{"op":"copied","src":"C:\\Users\\soren\\google-drive-mcp\\docs\\RewriteLabs_Backup\\2026_04_24_17_33_06\\RewriteLabs\\OPERATOR_CONSOLE_INTEGRATION.md","dest":"C:\\Users\\soren\\docs\\assets\\examples\\RewriteLabs_Backup\\2026_04_24_17_33_06\\RewriteLabs\\OPERATOR_CONSOLE_INTEGRATION.md","srcHash":"714b851e2848c87ec601a182c064ab569c80715a"}
{"op":"archived-original","src":"C:\\Users\\soren\\google-drive-mcp\\docs\\RewriteLabs_Backup\\2026_04_24_17_33_06\\RewriteLabs\\OPERATOR_CONSOLE_INTEGRATION.md","archive":"C:\\Users\\soren\\archive\\docs-legacy-2026-05-04T03-06-29-830Z\\orig\\RewriteLabs_Backup\\2026_04_24_17_33_06\\RewriteLabs\\OPERATOR_CONSOLE_INTEGRATION.md"}
{"op":"copied","src":"C:\\Users\\soren\\google-drive-mcp\\docs\\RewriteLabs_Backup\\2026_04_24_17_33_06\\RewriteLabs\\Outreach\\CHANGELOG.md","dest":"C:\\Users\\soren\\docs\\assets\\examples\\RewriteLabs_Backup\\2026_04_24_17_33_06\\RewriteLabs\\Outreach\\CHANGELOG.md","srcHash":"e1b61e023787c2e8377c6db67c29b6e2456c729e"}
{"op":"archived-original","src":"C:\\Users\\soren\\google-drive-mcp\\docs\\RewriteLabs_Backup\\2026_04_24_17_33_06\\RewriteLabs\\Outreach\\CHANGELOG.md","archive":"C:\\Users\\soren\\archive\\docs-legacy-2026-05-04T03-06-29-830Z\\orig\\RewriteLabs_Backup\\2026_04_24_17_33_06\\RewriteLabs\\Outreach\\CHANGELOG.md"}
{"op":"skip-ext","file":"C:\\Users\\soren\\google-drive-mcp\\docs\\RewriteLabs_Backup\\2026_04_24_17_33_06\\RewriteLabs\\Outreach\\Rewrite Labs - Outreach Automation Playbook.txt"}
{"op":"copied","src":"C:\\Users\\soren\\google-drive-mcp\\docs\\RewriteLabs_Backup\\2026_04_24_17_33_06\\RewriteLabs\\PLATFORM\\CHANGELOG.md","dest":"C:\\Users\\soren\\docs\\assets\\examples\\RewriteLabs_Backup\\2026_04_24_17_33_06\\RewriteLabs\\PLATFORM\\CHANGELOG.md","srcHash":"e2727c41b5f21d5b1d30a88848947f0a6a9b5dc5"}
{"op":"archived-original","src":"C:\\Users\\soren\\google-drive-mcp\\docs\\RewriteLabs_Backup\\2026_04_24_17_33_06\\RewriteLabs\\PLATFORM\\CHANGELOG.md","archive":"C:\\Users\\soren\\archive\\docs-legacy-2026-05-04T03-06-29-830Z\\orig\\RewriteLabs_Backup\\2026_04_24_17_33_06\\RewriteLabs\\PLATFORM\\CHANGELOG.md"}
{"op":"copied","src":"C:\\Users\\soren\\google-drive-mcp\\docs\\RewriteLabs_Backup\\2026_04_24_17_33_06\\RewriteLabs\\PLATFORM\\Docs Integration Plan.md","dest":"C:\\Users\\soren\\docs\\assets\\examples\\RewriteLabs_Backup\\2026_04_24_17_33_06\\RewriteLabs\\PLATFORM\\Docs Integration Plan.md","srcHash":"1edcb62c30974d3d4c669b4d156f90791211bb34"}
{"op":"archived-original","src":"C:\\Users\\soren\\google-drive-mcp\\docs\\RewriteLabs_Backup\\2026_04_24_17_33_06\\RewriteLabs\\PLATFORM\\Docs Integration Plan.md","archive":"C:\\Users\\soren\\archive\\docs-legacy-2026-05-04T03-06-29-830Z\\orig\\RewriteLabs_Backup\\2026_04_24_17_33_06\\RewriteLabs\\PLATFORM\\Docs Integration Plan.md"}
{"op":"copied","src":"C:\\Users\\soren\\google-drive-mcp\\docs\\RewriteLabs_Backup\\2026_04_24_17_33_06\\RewriteLabs\\PLATFORM\\index.html","dest":"C:\\Users\\soren\\docs\\assets\\examples\\RewriteLabs_Backup\\2026_04_24_17_33_06\\RewriteLabs\\PLATFORM\\index.html","srcHash":"af4e1295a372fb675e06355bd01197a199cd3c66"}
{"op":"archived-original","src":"C:\\Users\\soren\\google-drive-mcp\\docs\\RewriteLabs_Backup\\2026_04_24_17_33_06\\RewriteLabs\\PLATFORM\\index.html","archive":"C:\\Users\\soren\\archive\\docs-legacy-2026-05-04T03-06-29-830Z\\orig\\RewriteLabs_Backup\\2026_04_24_17_33_06\\RewriteLabs\\PLATFORM\\index.html"}
{"op":"copied","src":"C:\\Users\\soren\\google-drive-mcp\\docs\\RewriteLabs_Backup\\2026_04_24_17_33_06\\RewriteLabs\\PLATFORM\\portal.js","dest":"C:\\Users\\soren\\docs\\assets\\examples\\RewriteLabs_Backup\\2026_04_24_17_33_06\\RewriteLabs\\PLATFORM\\portal.js","srcHash":"b9d2c5b64eecd7e74e2b1976e2c1aef4460c8089"}
{"op":"archived-original","src":"C:\\Users\\soren\\google-drive-mcp\\docs\\RewriteLabs_Backup\\2026_04_24_17_33_06\\RewriteLabs\\PLATFORM\\portal.js","archive":"C:\\Users\\soren\\archive\\docs-legacy-2026-05-04T03-06-29-830Z\\orig\\RewriteLabs_Backup\\2026_04_24_17_33_06\\RewriteLabs\\PLATFORM\\portal.js"}
{"op":"skip-ext","file":"C:\\Users\\soren\\google-drive-mcp\\docs\\RewriteLabs_Backup\\2026_04_24_17_33_06\\RewriteLabs\\PLATFORM\\styles.css"}
{"op":"copied","src":"C:\\Users\\soren\\google-drive-mcp\\docs\\RewriteLabs_Backup\\2026_04_24_17_33_06\\RewriteLabs\\PORTAL\\CHANGELOG.md","dest":"C:\\Users\\soren\\docs\\assets\\examples\\RewriteLabs_Backup\\2026_04_24_17_33_06\\RewriteLabs\\PORTAL\\CHANGELOG.md","srcHash":"e2727c41b5f21d5b1d30a88848947f0a6a9b5dc5"}
{"op":"archived-original","src":"C:\\Users\\soren\\google-drive-mcp\\docs\\RewriteLabs_Backup\\2026_04_24_17_33_06\\RewriteLabs\\PORTAL\\CHANGELOG.md","archive":"C:\\Users\\soren\\archive\\docs-legacy-2026-05-04T03-06-29-830Z\\orig\\RewriteLabs_Backup\\2026_04_24_17_33_06\\RewriteLabs\\PORTAL\\CHANGELOG.md"}
{"op":"copied","src":"C:\\Users\\soren\\google-drive-mcp\\docs\\RewriteLabs_Backup\\2026_04_24_17_33_06\\RewriteLabs\\PORTAL\\Docs Portal Performance Optimization Plan.md","dest":"C:\\Users\\soren\\docs\\assets\\examples\\RewriteLabs_Backup\\2026_04_24_17_33_06\\RewriteLabs\\PORTAL\\Docs Portal Performance Optimization Plan.md","srcHash":"26a6c1941f190ac87837a3185ec5de0bec8c6faf"}
{"op":"archived-original","src":"C:\\Users\\soren\\google-drive-mcp\\docs\\RewriteLabs_Backup\\2026_04_24_17_33_06\\RewriteLabs\\PORTAL\\Docs Portal Performance Optimization Plan.md","archive":"C:\\Users\\soren\\archive\\docs-legacy-2026-05-04T03-06-29-830Z\\orig\\RewriteLabs_Backup\\2026_04_24_17_33_06\\RewriteLabs\\PORTAL\\Docs Portal Performance Optimization Plan.md"}
{"op":"copied","src":"C:\\Users\\soren\\google-drive-mcp\\docs\\RewriteLabs_Backup\\2026_04_24_17_33_06\\RewriteLabs\\PORTAL\\Docs Portal Search UI Spec.md","dest":"C:\\Users\\soren\\docs\\assets\\examples\\RewriteLabs_Backup\\2026_04_24_17_33_06\\RewriteLabs\\PORTAL\\Docs Portal Search UI Spec.md","srcHash":"34ec7aa9e53cf6321fb94727c5160fef7e8afb2b"}
{"op":"archived-original","src":"C:\\Users\\soren\\google-drive-mcp\\docs\\RewriteLabs_Backup\\2026_04_24_17_33_06\\RewriteLabs\\PORTAL\\Docs Portal Search UI Spec.md","archive":"C:\\Users\\soren\\archive\\docs-legacy-2026-05-04T03-06-29-830Z\\orig\\RewriteLabs_Backup\\2026_04_24_17_33_06\\RewriteLabs\\PORTAL\\Docs Portal Search UI Spec.md"}
{"op":"copied","src":"C:\\Users\\soren\\google-drive-mcp\\docs\\RewriteLabs_Backup\\2026_04_24_17_33_06\\RewriteLabs\\PORTAL\\search.js","dest":"C:\\Users\\soren\\docs\\assets\\examples\\RewriteLabs_Backup\\2026_04_24_17_33_06\\RewriteLabs\\PORTAL\\search.js","srcHash":"0730ac5abe56b26029233a9a5cacaca0f1ce4d09"}
{"op":"archived-original","src":"C:\\Users\\soren\\google-drive-mcp\\docs\\RewriteLabs_Backup\\2026_04_24_17_33_06\\RewriteLabs\\PORTAL\\search.js","archive":"C:\\Users\\soren\\archive\\docs-legacy-2026-05-04T03-06-29-830Z\\orig\\RewriteLabs_Backup\\2026_04_24_17_33_06\\RewriteLabs\\PORTAL\\search.js"}
{"op":"copied","src":"C:\\Users\\soren\\google-drive-mcp\\docs\\RewriteLabs_Backup\\2026_04_24_17_33_06\\RewriteLabs\\QA\\CHANGELOG.md","dest":"C:\\Users\\soren\\docs\\assets\\examples\\RewriteLabs_Backup\\2026_04_24_17_33_06\\RewriteLabs\\QA\\CHANGELOG.md","srcHash":"e2727c41b5f21d5b1d30a88848947f0a6a9b5dc5"}
{"op":"archived-original","src":"C:\\Users\\soren\\google-drive-mcp\\docs\\RewriteLabs_Backup\\2026_04_24_17_33_06\\RewriteLabs\\QA\\CHANGELOG.md","archive":"C:\\Users\\soren\\archive\\docs-legacy-2026-05-04T03-06-29-830Z\\orig\\RewriteLabs_Backup\\2026_04_24_17_33_06\\RewriteLabs\\QA\\CHANGELOG.md"}
{"op":"copied","src":"C:\\Users\\soren\\google-drive-mcp\\docs\\RewriteLabs_Backup\\2026_04_24_17_33_06\\RewriteLabs\\QA\\Docs QA Checklist.md","dest":"C:\\Users\\soren\\docs\\assets\\examples\\RewriteLabs_Backup\\2026_04_24_17_33_06\\RewriteLabs\\QA\\Docs QA Checklist.md","srcHash":"eddf349e32d04d6a27fa6d81cfa8349d659bd22e"}
{"op":"archived-original","src":"C:\\Users\\soren\\google-drive-mcp\\docs\\RewriteLabs_Backup\\2026_04_24_17_33_06\\RewriteLabs\\QA\\Docs QA Checklist.md","archive":"C:\\Users\\soren\\archive\\docs-legacy-2026-05-04T03-06-29-830Z\\orig\\RewriteLabs_Backup\\2026_04_24_17_33_06\\RewriteLabs\\QA\\Docs QA Checklist.md"}
{"op":"skip-duplicate","src":"C:\\Users\\soren\\google-drive-mcp\\docs\\RewriteLabs_Backup\\2026_04_24_17_33_06\\RewriteLabs\\README.md","dest":"C:\\Users\\soren\\docs\\README.md","srcHash":"a3fc9b959a0f77895f7de22bbda7f27a444f0b81"}
{"op":"archived-original","src":"C:\\Users\\soren\\google-drive-mcp\\docs\\RewriteLabs_Backup\\2026_04_24_17_33_06\\RewriteLabs\\README.md","archive":"C:\\Users\\soren\\archive\\docs-legacy-2026-05-04T03-06-29-830Z\\orig\\RewriteLabs_Backup\\2026_04_24_17_33_06\\RewriteLabs\\README.md"}
{"op":"copied","src":"C:\\Users\\soren\\google-drive-mcp\\docs\\RewriteLabs_Backup\\2026_04_24_17_33_06\\RewriteLabs\\RELEASE_PIPELINE.md","dest":"C:\\Users\\soren\\docs\\assets\\examples\\RewriteLabs_Backup\\2026_04_24_17_33_06\\RewriteLabs\\RELEASE_PIPELINE.md","srcHash":"557ad0f6f36fac1f1d4574e96afb58e345e5b3e4"}
{"op":"archived-original","src":"C:\\Users\\soren\\google-drive-mcp\\docs\\RewriteLabs_Backup\\2026_04_24_17_33_06\\RewriteLabs\\RELEASE_PIPELINE.md","archive":"C:\\Users\\soren\\archive\\docs-legacy-2026-05-04T03-06-29-830Z\\orig\\RewriteLabs_Backup\\2026_04_24_17_33_06\\RewriteLabs\\RELEASE_PIPELINE.md"}
{"op":"copied","src":"C:\\Users\\soren\\google-drive-mcp\\docs\\RewriteLabs_Backup\\2026_04_24_17_33_06\\RewriteLabs\\Roadmaps\\CHANGELOG.md","dest":"C:\\Users\\soren\\docs\\assets\\examples\\RewriteLabs_Backup\\2026_04_24_17_33_06\\RewriteLabs\\Roadmaps\\CHANGELOG.md","srcHash":"7d5042008a7906e2d15dbe5678f8dd94c6566e1d"}
{"op":"archived-original","src":"C:\\Users\\soren\\google-drive-mcp\\docs\\RewriteLabs_Backup\\2026_04_24_17_33_06\\RewriteLabs\\Roadmaps\\CHANGELOG.md","archive":"C:\\Users\\soren\\archive\\docs-legacy-2026-05-04T03-06-29-830Z\\orig\\RewriteLabs_Backup\\2026_04_24_17_33_06\\RewriteLabs\\Roadmaps\\CHANGELOG.md"}
{"op":"copied","src":"C:\\Users\\soren\\google-drive-mcp\\docs\\RewriteLabs_Backup\\2026_04_24_17_33_06\\RewriteLabs\\Roadmaps\\Docs Automation Roadmap.md","dest":"C:\\Users\\soren\\docs\\assets\\examples\\RewriteLabs_Backup\\2026_04_24_17_33_06\\RewriteLabs\\Roadmaps\\Docs Automation Roadmap.md","srcHash":"b86ad067872ed629d5102979b473b252c1dc82ff"}
{"op":"archived-original","src":"C:\\Users\\soren\\google-drive-mcp\\docs\\RewriteLabs_Backup\\2026_04_24_17_33_06\\RewriteLabs\\Roadmaps\\Docs Automation Roadmap.md","archive":"C:\\Users\\soren\\archive\\docs-legacy-2026-05-04T03-06-29-830Z\\orig\\RewriteLabs_Backup\\2026_04_24_17_33_06\\RewriteLabs\\Roadmaps\\Docs Automation Roadmap.md"}
{"op":"skip-ext","file":"C:\\Users\\soren\\google-drive-mcp\\docs\\RewriteLabs_Backup\\2026_04_24_17_33_06\\RewriteLabs\\Roadmaps\\Rewrite Labs - Master Roadmap (Updated with Outreach Automation Track).txt"}
{"op":"copied","src":"C:\\Users\\soren\\google-drive-mcp\\docs\\RewriteLabs_Backup\\2026_04_24_17_33_06\\RewriteLabs\\SEARCH\\CHANGELOG.md","dest":"C:\\Users\\soren\\docs\\assets\\examples\\RewriteLabs_Backup\\2026_04_24_17_33_06\\RewriteLabs\\SEARCH\\CHANGELOG.md","srcHash":"e2727c41b5f21d5b1d30a88848947f0a6a9b5dc5"}
{"op":"archived-original","src":"C:\\Users\\soren\\google-drive-mcp\\docs\\RewriteLabs_Backup\\2026_04_24_17_33_06\\RewriteLabs\\SEARCH\\CHANGELOG.md","archive":"C:\\Users\\soren\\archive\\docs-legacy-2026-05-04T03-06-29-830Z\\orig\\RewriteLabs_Backup\\2026_04_24_17_33_06\\RewriteLabs\\SEARCH\\CHANGELOG.md"}
{"op":"copied","src":"C:\\Users\\soren\\google-drive-mcp\\docs\\RewriteLabs_Backup\\2026_04_24_17_33_06\\RewriteLabs\\search-index.json","dest":"C:\\Users\\soren\\docs\\assets\\examples\\RewriteLabs_Backup\\2026_04_24_17_33_06\\RewriteLabs\\search-index.json","srcHash":"831fc6f0bf34fb7e3b1d0a0939bf83e0d3d645a8"}
{"op":"archived-original","src":"C:\\Users\\soren\\google-drive-mcp\\docs\\RewriteLabs_Backup\\2026_04_24_17_33_06\\RewriteLabs\\search-index.json","archive":"C:\\Users\\soren\\archive\\docs-legacy-2026-05-04T03-06-29-830Z\\orig\\RewriteLabs_Backup\\2026_04_24_17_33_06\\RewriteLabs\\search-index.json"}
{"op":"copied","src":"C:\\Users\\soren\\google-drive-mcp\\docs\\RewriteLabs_Backup\\2026_04_24_17_33_06\\RewriteLabs\\SITEMAP.md","dest":"C:\\Users\\soren\\docs\\assets\\examples\\RewriteLabs_Backup\\2026_04_24_17_33_06\\RewriteLabs\\SITEMAP.md","srcHash":"61f189e841ae9a1db235693446acd6d2cf38f1a6"}
{"op":"archived-original","src":"C:\\Users\\soren\\google-drive-mcp\\docs\\RewriteLabs_Backup\\2026_04_24_17_33_06\\RewriteLabs\\SITEMAP.md","archive":"C:\\Users\\soren\\archive\\docs-legacy-2026-05-04T03-06-29-830Z\\orig\\RewriteLabs_Backup\\2026_04_24_17_33_06\\RewriteLabs\\SITEMAP.md"}
{"op":"copied","src":"C:\\Users\\soren\\google-drive-mcp\\docs\\RewriteLabs_Backup\\2026_04_24_17_33_06\\RewriteLabs\\UI\\CHANGELOG.md","dest":"C:\\Users\\soren\\docs\\assets\\examples\\RewriteLabs_Backup\\2026_04_24_17_33_06\\RewriteLabs\\UI\\CHANGELOG.md","srcHash":"e2727c41b5f21d5b1d30a88848947f0a6a9b5dc5"}
{"op":"archived-original","src":"C:\\Users\\soren\\google-drive-mcp\\docs\\RewriteLabs_Backup\\2026_04_24_17_33_06\\RewriteLabs\\UI\\CHANGELOG.md","archive":"C:\\Users\\soren\\archive\\docs-legacy-2026-05-04T03-06-29-830Z\\orig\\RewriteLabs_Backup\\2026_04_24_17_33_06\\RewriteLabs\\UI\\CHANGELOG.md"}
{"op":"copied","src":"C:\\Users\\soren\\google-drive-mcp\\docs\\RewriteLabs_Backup\\2026_04_24_17_33_06\\RewriteLabs\\UI\\Docs Automation Roadmap.md","dest":"C:\\Users\\soren\\docs\\assets\\examples\\RewriteLabs_Backup\\2026_04_24_17_33_06\\RewriteLabs\\UI\\Docs Automation Roadmap.md","srcHash":"e24927e4f8edf308d77463225f509acc3e7162f4"}
{"op":"archived-original","src":"C:\\Users\\soren\\google-drive-mcp\\docs\\RewriteLabs_Backup\\2026_04_24_17_33_06\\RewriteLabs\\UI\\Docs Automation Roadmap.md","archive":"C:\\Users\\soren\\archive\\docs-legacy-2026-05-04T03-06-29-830Z\\orig\\RewriteLabs_Backup\\2026_04_24_17_33_06\\RewriteLabs\\UI\\Docs Automation Roadmap.md"}
{"op":"copied","src":"C:\\Users\\soren\\google-drive-mcp\\docs\\RewriteLabs_Backup\\2026_04_24_17_33_06\\RewriteLabs\\UI\\Docs Dashboard Spec.md","dest":"C:\\Users\\soren\\docs\\assets\\examples\\RewriteLabs_Backup\\2026_04_24_17_33_06\\RewriteLabs\\UI\\Docs Dashboard Spec.md","srcHash":"437c0cd0cd01a94c566eade64fccfce74186ccc2"}
{"op":"archived-original","src":"C:\\Users\\soren\\google-drive-mcp\\docs\\RewriteLabs_Backup\\2026_04_24_17_33_06\\RewriteLabs\\UI\\Docs Dashboard Spec.md","archive":"C:\\Users\\soren\\archive\\docs-legacy-2026-05-04T03-06-29-830Z\\orig\\RewriteLabs_Backup\\2026_04_24_17_33_06\\RewriteLabs\\UI\\Docs Dashboard Spec.md"}
{"op":"skip-ext","file":"C:\\Users\\soren\\google-drive-mcp\\docs\\RewriteLabs_Backup\\2026_04_24_17_33_06\\RewriteLabs\\UI\\Operator Console Mock UI.txt"}
{"op":"copied","src":"C:\\Users\\soren\\google-drive-mcp\\docs\\RewriteLabs_Backup\\2026_04_24_17_33_06\\RewriteLabs\\version-manifest.json","dest":"C:\\Users\\soren\\docs\\assets\\examples\\RewriteLabs_Backup\\2026_04_24_17_33_06\\RewriteLabs\\version-manifest.json","srcHash":"4935bec0e09ef96934c42c1a108ca63f59e0127c"}
{"op":"archived-original","src":"C:\\Users\\soren\\google-drive-mcp\\docs\\RewriteLabs_Backup\\2026_04_24_17_33_06\\RewriteLabs\\version-manifest.json","archive":"C:\\Users\\soren\\archive\\docs-legacy-2026-05-04T03-06-29-830Z\\orig\\RewriteLabs_Backup\\2026_04_24_17_33_06\\RewriteLabs\\version-manifest.json"}
{"op":"copied","src":"C:\\Users\\soren\\google-drive-mcp\\docs\\RewriteLabs_Backup\\2026_04_24_17_33_06\\RewriteLabs\\VERSIONING.md","dest":"C:\\Users\\soren\\docs\\assets\\examples\\RewriteLabs_Backup\\2026_04_24_17_33_06\\RewriteLabs\\VERSIONING.md","srcHash":"cac03bd0a38ffb3631372bb62eec9245e93f5bac"}
{"op":"archived-original","src":"C:\\Users\\soren\\google-drive-mcp\\docs\\RewriteLabs_Backup\\2026_04_24_17_33_06\\RewriteLabs\\VERSIONING.md","archive":"C:\\Users\\soren\\archive\\docs-legacy-2026-05-04T03-06-29-830Z\\orig\\RewriteLabs_Backup\\2026_04_24_17_33_06\\RewriteLabs\\VERSIONING.md"}
{"op":"copied","src":"C:\\Users\\soren\\google-drive-mcp\\docs\\RewriteLabs_Backup\\2026_04_24_17_45_02\\RewriteLabs\\AI\\CHANGELOG.md","dest":"C:\\Users\\soren\\docs\\assets\\examples\\RewriteLabs_Backup\\2026_04_24_17_45_02\\RewriteLabs\\AI\\CHANGELOG.md","srcHash":"ba0140df820f29d05c7ab88c4645187a18f7b03e"}
{"op":"archived-original","src":"C:\\Users\\soren\\google-drive-mcp\\docs\\RewriteLabs_Backup\\2026_04_24_17_45_02\\RewriteLabs\\AI\\CHANGELOG.md","archive":"C:\\Users\\soren\\archive\\docs-legacy-2026-05-04T03-06-29-830Z\\orig\\RewriteLabs_Backup\\2026_04_24_17_45_02\\RewriteLabs\\AI\\CHANGELOG.md"}
{"op":"copied","src":"C:\\Users\\soren\\google-drive-mcp\\docs\\RewriteLabs_Backup\\2026_04_24_17_45_02\\RewriteLabs\\AI\\Docs AI Integration.md","dest":"C:\\Users\\soren\\docs\\assets\\examples\\RewriteLabs_Backup\\2026_04_24_17_45_02\\RewriteLabs\\AI\\Docs AI Integration.md","srcHash":"78c9fd4ad817a811c0159604c5023a3c0b6331ce"}
{"op":"archived-original","src":"C:\\Users\\soren\\google-drive-mcp\\docs\\RewriteLabs_Backup\\2026_04_24_17_45_02\\RewriteLabs\\AI\\Docs AI Integration.md","archive":"C:\\Users\\soren\\archive\\docs-legacy-2026-05-04T03-06-29-830Z\\orig\\RewriteLabs_Backup\\2026_04_24_17_45_02\\RewriteLabs\\AI\\Docs AI Integration.md"}
{"op":"copied","src":"C:\\Users\\soren\\google-drive-mcp\\docs\\RewriteLabs_Backup\\2026_04_24_17_45_02\\RewriteLabs\\API\\CHANGELOG.md","dest":"C:\\Users\\soren\\docs\\assets\\examples\\RewriteLabs_Backup\\2026_04_24_17_45_02\\RewriteLabs\\API\\CHANGELOG.md","srcHash":"ba0140df820f29d05c7ab88c4645187a18f7b03e"}
{"op":"archived-original","src":"C:\\Users\\soren\\google-drive-mcp\\docs\\RewriteLabs_Backup\\2026_04_24_17_45_02\\RewriteLabs\\API\\CHANGELOG.md","archive":"C:\\Users\\soren\\archive\\docs-legacy-2026-05-04T03-06-29-830Z\\orig\\RewriteLabs_Backup\\2026_04_24_17_45_02\\RewriteLabs\\API\\CHANGELOG.md"}
{"op":"copied","src":"C:\\Users\\soren\\google-drive-mcp\\docs\\RewriteLabs_Backup\\2026_04_24_17_45_02\\RewriteLabs\\API\\Docs API Specification.md","dest":"C:\\Users\\soren\\docs\\assets\\examples\\RewriteLabs_Backup\\2026_04_24_17_45_02\\RewriteLabs\\API\\Docs API Specification.md","srcHash":"2a3d0deb23897ac15c09da0f24ed467894b20c88"}
{"op":"archived-original","src":"C:\\Users\\soren\\google-drive-mcp\\docs\\RewriteLabs_Backup\\2026_04_24_17_45_02\\RewriteLabs\\API\\Docs API Specification.md","archive":"C:\\Users\\soren\\archive\\docs-legacy-2026-05-04T03-06-29-830Z\\orig\\RewriteLabs_Backup\\2026_04_24_17_45_02\\RewriteLabs\\API\\Docs API Specification.md"}
{"op":"copied","src":"C:\\Users\\soren\\google-drive-mcp\\docs\\RewriteLabs_Backup\\2026_04_24_17_45_02\\RewriteLabs\\ARCHITECTURE\\CHANGELOG.md","dest":"C:\\Users\\soren\\docs\\assets\\examples\\RewriteLabs_Backup\\2026_04_24_17_45_02\\RewriteLabs\\ARCHITECTURE\\CHANGELOG.md","srcHash":"ba0140df820f29d05c7ab88c4645187a18f7b03e"}
{"op":"archived-original","src":"C:\\Users\\soren\\google-drive-mcp\\docs\\RewriteLabs_Backup\\2026_04_24_17_45_02\\RewriteLabs\\ARCHITECTURE\\CHANGELOG.md","archive":"C:\\Users\\soren\\archive\\docs-legacy-2026-05-04T03-06-29-830Z\\orig\\RewriteLabs_Backup\\2026_04_24_17_45_02\\RewriteLabs\\ARCHITECTURE\\CHANGELOG.md"}
{"op":"copied","src":"C:\\Users\\soren\\google-drive-mcp\\docs\\RewriteLabs_Backup\\2026_04_24_17_45_02\\RewriteLabs\\ARCHITECTURE\\Docs Architecture Diagram.md","dest":"C:\\Users\\soren\\docs\\assets\\examples\\RewriteLabs_Backup\\2026_04_24_17_45_02\\RewriteLabs\\ARCHITECTURE\\Docs Architecture Diagram.md","srcHash":"437c0cd0cd01a94c566eade64fccfce74186ccc2"}
{"op":"archived-original","src":"C:\\Users\\soren\\google-drive-mcp\\docs\\RewriteLabs_Backup\\2026_04_24_17_45_02\\RewriteLabs\\ARCHITECTURE\\Docs Architecture Diagram.md","archive":"C:\\Users\\soren\\archive\\docs-legacy-2026-05-04T03-06-29-830Z\\orig\\RewriteLabs_Backup\\2026_04_24_17_45_02\\RewriteLabs\\ARCHITECTURE\\Docs Architecture Diagram.md"}
{"op":"copied","src":"C:\\Users\\soren\\google-drive-mcp\\docs\\RewriteLabs_Backup\\2026_04_24_17_45_02\\RewriteLabs\\BACKUP_POLICY.md","dest":"C:\\Users\\soren\\docs\\assets\\examples\\RewriteLabs_Backup\\2026_04_24_17_45_02\\RewriteLabs\\BACKUP_POLICY.md","srcHash":"a7961b0189364b41bb7acb28e3b511ea7d0d962a"}
{"op":"archived-original","src":"C:\\Users\\soren\\google-drive-mcp\\docs\\RewriteLabs_Backup\\2026_04_24_17_45_02\\RewriteLabs\\BACKUP_POLICY.md","archive":"C:\\Users\\soren\\archive\\docs-legacy-2026-05-04T03-06-29-830Z\\orig\\RewriteLabs_Backup\\2026_04_24_17_45_02\\RewriteLabs\\BACKUP_POLICY.md"}
{"op":"copied","src":"C:\\Users\\soren\\google-drive-mcp\\docs\\RewriteLabs_Backup\\2026_04_24_17_45_02\\RewriteLabs\\DASHBOARD\\CHANGELOG.md","dest":"C:\\Users\\soren\\docs\\assets\\examples\\RewriteLabs_Backup\\2026_04_24_17_45_02\\RewriteLabs\\DASHBOARD\\CHANGELOG.md","srcHash":"ba0140df820f29d05c7ab88c4645187a18f7b03e"}
{"op":"archived-original","src":"C:\\Users\\soren\\google-drive-mcp\\docs\\RewriteLabs_Backup\\2026_04_24_17_45_02\\RewriteLabs\\DASHBOARD\\CHANGELOG.md","archive":"C:\\Users\\soren\\archive\\docs-legacy-2026-05-04T03-06-29-830Z\\orig\\RewriteLabs_Backup\\2026_04_24_17_45_02\\RewriteLabs\\DASHBOARD\\CHANGELOG.md"}
{"op":"copied","src":"C:\\Users\\soren\\google-drive-mcp\\docs\\RewriteLabs_Backup\\2026_04_24_17_45_02\\RewriteLabs\\Docs Home.md","dest":"C:\\Users\\soren\\docs\\assets\\examples\\RewriteLabs_Backup\\2026_04_24_17_45_02\\RewriteLabs\\Docs Home.md","srcHash":"ca261acad2b6e22b2db65f2c986ca0c05dea8292"}
{"op":"archived-original","src":"C:\\Users\\soren\\google-drive-mcp\\docs\\RewriteLabs_Backup\\2026_04_24_17_45_02\\RewriteLabs\\Docs Home.md","archive":"C:\\Users\\soren\\archive\\docs-legacy-2026-05-04T03-06-29-830Z\\orig\\RewriteLabs_Backup\\2026_04_24_17_45_02\\RewriteLabs\\Docs Home.md"}
{"op":"copied","src":"C:\\Users\\soren\\google-drive-mcp\\docs\\RewriteLabs_Backup\\2026_04_24_17_45_02\\RewriteLabs\\Docs Metrics Dashboard Spec.md","dest":"C:\\Users\\soren\\docs\\assets\\examples\\RewriteLabs_Backup\\2026_04_24_17_45_02\\RewriteLabs\\Docs Metrics Dashboard Spec.md","srcHash":"f3c267d31697bb4870951d6123202f87e36c79d9"}
{"op":"archived-original","src":"C:\\Users\\soren\\google-drive-mcp\\docs\\RewriteLabs_Backup\\2026_04_24_17_45_02\\RewriteLabs\\Docs Metrics Dashboard Spec.md","archive":"C:\\Users\\soren\\archive\\docs-legacy-2026-05-04T03-06-29-830Z\\orig\\RewriteLabs_Backup\\2026_04_24_17_45_02\\RewriteLabs\\Docs Metrics Dashboard Spec.md"}
{"op":"copied","src":"C:\\Users\\soren\\google-drive-mcp\\docs\\RewriteLabs_Backup\\2026_04_24_17_45_02\\RewriteLabs\\Docs Search Index Generator.md","dest":"C:\\Users\\soren\\docs\\assets\\examples\\RewriteLabs_Backup\\2026_04_24_17_45_02\\RewriteLabs\\Docs Search Index Generator.md","srcHash":"79b75155772126619676ac9c5bc4a482a8734c17"}
{"op":"archived-original","src":"C:\\Users\\soren\\google-drive-mcp\\docs\\RewriteLabs_Backup\\2026_04_24_17_45_02\\RewriteLabs\\Docs Search Index Generator.md","archive":"C:\\Users\\soren\\archive\\docs-legacy-2026-05-04T03-06-29-830Z\\orig\\RewriteLabs_Backup\\2026_04_24_17_45_02\\RewriteLabs\\Docs Search Index Generator.md"}
{"op":"copied","src":"C:\\Users\\soren\\google-drive-mcp\\docs\\RewriteLabs_Backup\\2026_04_24_17_45_02\\RewriteLabs\\GOVERNANCE.md","dest":"C:\\Users\\soren\\docs\\assets\\examples\\RewriteLabs_Backup\\2026_04_24_17_45_02\\RewriteLabs\\GOVERNANCE.md","srcHash":"f5a6bec97bac37a832a743abde1422c4ca214656"}
{"op":"archived-original","src":"C:\\Users\\soren\\google-drive-mcp\\docs\\RewriteLabs_Backup\\2026_04_24_17_45_02\\RewriteLabs\\GOVERNANCE.md","archive":"C:\\Users\\soren\\archive\\docs-legacy-2026-05-04T03-06-29-830Z\\orig\\RewriteLabs_Backup\\2026_04_24_17_45_02\\RewriteLabs\\GOVERNANCE.md"}
{"op":"copied","src":"C:\\Users\\soren\\google-drive-mcp\\docs\\RewriteLabs_Backup\\2026_04_24_17_45_02\\RewriteLabs\\index.html","dest":"C:\\Users\\soren\\docs\\assets\\examples\\RewriteLabs_Backup\\2026_04_24_17_45_02\\RewriteLabs\\index.html","srcHash":"d82bf339c49703e0e7463a0fa98d1651bb7e088c"}
{"op":"archived-original","src":"C:\\Users\\soren\\google-drive-mcp\\docs\\RewriteLabs_Backup\\2026_04_24_17_45_02\\RewriteLabs\\index.html","archive":"C:\\Users\\soren\\archive\\docs-legacy-2026-05-04T03-06-29-830Z\\orig\\RewriteLabs_Backup\\2026_04_24_17_45_02\\RewriteLabs\\index.html"}
{"op":"copied","src":"C:\\Users\\soren\\google-drive-mcp\\docs\\RewriteLabs_Backup\\2026_04_24_17_45_02\\RewriteLabs\\INDEX.md","dest":"C:\\Users\\soren\\docs\\assets\\examples\\RewriteLabs_Backup\\2026_04_24_17_45_02\\RewriteLabs\\INDEX.md","srcHash":"f207c0a8cf2ebd0ea4679da975d0ed3c8de63c04"}
{"op":"archived-original","src":"C:\\Users\\soren\\google-drive-mcp\\docs\\RewriteLabs_Backup\\2026_04_24_17_45_02\\RewriteLabs\\INDEX.md","archive":"C:\\Users\\soren\\archive\\docs-legacy-2026-05-04T03-06-29-830Z\\orig\\RewriteLabs_Backup\\2026_04_24_17_45_02\\RewriteLabs\\INDEX.md"}
{"op":"copied","src":"C:\\Users\\soren\\google-drive-mcp\\docs\\RewriteLabs_Backup\\2026_04_24_17_45_02\\RewriteLabs\\LINTER\\CHANGELOG.md","dest":"C:\\Users\\soren\\docs\\assets\\examples\\RewriteLabs_Backup\\2026_04_24_17_45_02\\RewriteLabs\\LINTER\\CHANGELOG.md","srcHash":"ba0140df820f29d05c7ab88c4645187a18f7b03e"}
{"op":"archived-original","src":"C:\\Users\\soren\\google-drive-mcp\\docs\\RewriteLabs_Backup\\2026_04_24_17_45_02\\RewriteLabs\\LINTER\\CHANGELOG.md","archive":"C:\\Users\\soren\\archive\\docs-legacy-2026-05-04T03-06-29-830Z\\orig\\RewriteLabs_Backup\\2026_04_24_17_45_02\\RewriteLabs\\LINTER\\CHANGELOG.md"}
{"op":"copied","src":"C:\\Users\\soren\\google-drive-mcp\\docs\\RewriteLabs_Backup\\2026_04_24_17_45_02\\RewriteLabs\\LINTER\\Docs Linter Rules.md","dest":"C:\\Users\\soren\\docs\\assets\\examples\\RewriteLabs_Backup\\2026_04_24_17_45_02\\RewriteLabs\\LINTER\\Docs Linter Rules.md","srcHash":"650da60a4caf310742b758fb74a7b316df85f974"}
{"op":"archived-original","src":"C:\\Users\\soren\\google-drive-mcp\\docs\\RewriteLabs_Backup\\2026_04_24_17_45_02\\RewriteLabs\\LINTER\\Docs Linter Rules.md","archive":"C:\\Users\\soren\\archive\\docs-legacy-2026-05-04T03-06-29-830Z\\orig\\RewriteLabs_Backup\\2026_04_24_17_45_02\\RewriteLabs\\LINTER\\Docs Linter Rules.md"}
{"op":"copied","src":"C:\\Users\\soren\\google-drive-mcp\\docs\\RewriteLabs_Backup\\2026_04_24_17_45_02\\RewriteLabs\\Manuals\\CHANGELOG.md","dest":"C:\\Users\\soren\\docs\\assets\\examples\\RewriteLabs_Backup\\2026_04_24_17_45_02\\RewriteLabs\\Manuals\\CHANGELOG.md","srcHash":"6defbefd8f9c8e292a2da69a41d7f278ad2c6e36"}
{"op":"archived-original","src":"C:\\Users\\soren\\google-drive-mcp\\docs\\RewriteLabs_Backup\\2026_04_24_17_45_02\\RewriteLabs\\Manuals\\CHANGELOG.md","archive":"C:\\Users\\soren\\archive\\docs-legacy-2026-05-04T03-06-29-830Z\\orig\\RewriteLabs_Backup\\2026_04_24_17_45_02\\RewriteLabs\\Manuals\\CHANGELOG.md"}
{"op":"skip-ext","file":"C:\\Users\\soren\\google-drive-mcp\\docs\\RewriteLabs_Backup\\2026_04_24_17_45_02\\RewriteLabs\\Manuals\\Rewrite Labs - Master Instructions Manual (Updated with Outreach Automation).txt"}
{"op":"skip-ext","file":"C:\\Users\\soren\\google-drive-mcp\\docs\\RewriteLabs_Backup\\2026_04_24_17_45_02\\RewriteLabs\\mkdocs.yml"}
{"op":"copied","src":"C:\\Users\\soren\\google-drive-mcp\\docs\\RewriteLabs_Backup\\2026_04_24_17_45_02\\RewriteLabs\\OPERATOR_CONSOLE\\CHANGELOG.md","dest":"C:\\Users\\soren\\docs\\assets\\examples\\RewriteLabs_Backup\\2026_04_24_17_45_02\\RewriteLabs\\OPERATOR_CONSOLE\\CHANGELOG.md","srcHash":"ba0140df820f29d05c7ab88c4645187a18f7b03e"}
{"op":"archived-original","src":"C:\\Users\\soren\\google-drive-mcp\\docs\\RewriteLabs_Backup\\2026_04_24_17_45_02\\RewriteLabs\\OPERATOR_CONSOLE\\CHANGELOG.md","archive":"C:\\Users\\soren\\archive\\docs-legacy-2026-05-04T03-06-29-830Z\\orig\\RewriteLabs_Backup\\2026_04_24_17_45_02\\RewriteLabs\\OPERATOR_CONSOLE\\CHANGELOG.md"}
{"op":"copied","src":"C:\\Users\\soren\\google-drive-mcp\\docs\\RewriteLabs_Backup\\2026_04_24_17_45_02\\RewriteLabs\\OPERATOR_CONSOLE\\Docs API Wiring.md","dest":"C:\\Users\\soren\\docs\\assets\\examples\\RewriteLabs_Backup\\2026_04_24_17_45_02\\RewriteLabs\\OPERATOR_CONSOLE\\Docs API Wiring.md","srcHash":"b9d2c5b64eecd7e74e2b1976e2c1aef4460c8089"}
{"op":"archived-original","src":"C:\\Users\\soren\\google-drive-mcp\\docs\\RewriteLabs_Backup\\2026_04_24_17_45_02\\RewriteLabs\\OPERATOR_CONSOLE\\Docs API Wiring.md","archive":"C:\\Users\\soren\\archive\\docs-legacy-2026-05-04T03-06-29-830Z\\orig\\RewriteLabs_Backup\\2026_04_24_17_45_02\\RewriteLabs\\OPERATOR_CONSOLE\\Docs API Wiring.md"}
{"op":"copied","src":"C:\\Users\\soren\\google-drive-mcp\\docs\\RewriteLabs_Backup\\2026_04_24_17_45_02\\RewriteLabs\\OPERATOR_CONSOLE_INTEGRATION.md","dest":"C:\\Users\\soren\\docs\\assets\\examples\\RewriteLabs_Backup\\2026_04_24_17_45_02\\RewriteLabs\\OPERATOR_CONSOLE_INTEGRATION.md","srcHash":"714b851e2848c87ec601a182c064ab569c80715a"}
{"op":"archived-original","src":"C:\\Users\\soren\\google-drive-mcp\\docs\\RewriteLabs_Backup\\2026_04_24_17_45_02\\RewriteLabs\\OPERATOR_CONSOLE_INTEGRATION.md","archive":"C:\\Users\\soren\\archive\\docs-legacy-2026-05-04T03-06-29-830Z\\orig\\RewriteLabs_Backup\\2026_04_24_17_45_02\\RewriteLabs\\OPERATOR_CONSOLE_INTEGRATION.md"}
{"op":"copied","src":"C:\\Users\\soren\\google-drive-mcp\\docs\\RewriteLabs_Backup\\2026_04_24_17_45_02\\RewriteLabs\\Outreach\\CHANGELOG.md","dest":"C:\\Users\\soren\\docs\\assets\\examples\\RewriteLabs_Backup\\2026_04_24_17_45_02\\RewriteLabs\\Outreach\\CHANGELOG.md","srcHash":"f5e4be215f338e45ea58c87082d65414730313a1"}
{"op":"archived-original","src":"C:\\Users\\soren\\google-drive-mcp\\docs\\RewriteLabs_Backup\\2026_04_24_17_45_02\\RewriteLabs\\Outreach\\CHANGELOG.md","archive":"C:\\Users\\soren\\archive\\docs-legacy-2026-05-04T03-06-29-830Z\\orig\\RewriteLabs_Backup\\2026_04_24_17_45_02\\RewriteLabs\\Outreach\\CHANGELOG.md"}
{"op":"skip-ext","file":"C:\\Users\\soren\\google-drive-mcp\\docs\\RewriteLabs_Backup\\2026_04_24_17_45_02\\RewriteLabs\\Outreach\\Rewrite Labs - Outreach Automation Playbook.txt"}
{"op":"copied","src":"C:\\Users\\soren\\google-drive-mcp\\docs\\RewriteLabs_Backup\\2026_04_24_17_45_02\\RewriteLabs\\PLATFORM\\CHANGELOG.md","dest":"C:\\Users\\soren\\docs\\assets\\examples\\RewriteLabs_Backup\\2026_04_24_17_45_02\\RewriteLabs\\PLATFORM\\CHANGELOG.md","srcHash":"ba0140df820f29d05c7ab88c4645187a18f7b03e"}
{"op":"archived-original","src":"C:\\Users\\soren\\google-drive-mcp\\docs\\RewriteLabs_Backup\\2026_04_24_17_45_02\\RewriteLabs\\PLATFORM\\CHANGELOG.md","archive":"C:\\Users\\soren\\archive\\docs-legacy-2026-05-04T03-06-29-830Z\\orig\\RewriteLabs_Backup\\2026_04_24_17_45_02\\RewriteLabs\\PLATFORM\\CHANGELOG.md"}
{"op":"copied","src":"C:\\Users\\soren\\google-drive-mcp\\docs\\RewriteLabs_Backup\\2026_04_24_17_45_02\\RewriteLabs\\PLATFORM\\Docs Integration Plan.md","dest":"C:\\Users\\soren\\docs\\assets\\examples\\RewriteLabs_Backup\\2026_04_24_17_45_02\\RewriteLabs\\PLATFORM\\Docs Integration Plan.md","srcHash":"1edcb62c30974d3d4c669b4d156f90791211bb34"}
{"op":"archived-original","src":"C:\\Users\\soren\\google-drive-mcp\\docs\\RewriteLabs_Backup\\2026_04_24_17_45_02\\RewriteLabs\\PLATFORM\\Docs Integration Plan.md","archive":"C:\\Users\\soren\\archive\\docs-legacy-2026-05-04T03-06-29-830Z\\orig\\RewriteLabs_Backup\\2026_04_24_17_45_02\\RewriteLabs\\PLATFORM\\Docs Integration Plan.md"}
{"op":"copied","src":"C:\\Users\\soren\\google-drive-mcp\\docs\\RewriteLabs_Backup\\2026_04_24_17_45_02\\RewriteLabs\\PLATFORM\\index.html","dest":"C:\\Users\\soren\\docs\\assets\\examples\\RewriteLabs_Backup\\2026_04_24_17_45_02\\RewriteLabs\\PLATFORM\\index.html","srcHash":"af4e1295a372fb675e06355bd01197a199cd3c66"}
{"op":"archived-original","src":"C:\\Users\\soren\\google-drive-mcp\\docs\\RewriteLabs_Backup\\2026_04_24_17_45_02\\RewriteLabs\\PLATFORM\\index.html","archive":"C:\\Users\\soren\\archive\\docs-legacy-2026-05-04T03-06-29-830Z\\orig\\RewriteLabs_Backup\\2026_04_24_17_45_02\\RewriteLabs\\PLATFORM\\index.html"}
{"op":"copied","src":"C:\\Users\\soren\\google-drive-mcp\\docs\\RewriteLabs_Backup\\2026_04_24_17_45_02\\RewriteLabs\\PLATFORM\\portal.js","dest":"C:\\Users\\soren\\docs\\assets\\examples\\RewriteLabs_Backup\\2026_04_24_17_45_02\\RewriteLabs\\PLATFORM\\portal.js","srcHash":"b9d2c5b64eecd7e74e2b1976e2c1aef4460c8089"}
{"op":"archived-original","src":"C:\\Users\\soren\\google-drive-mcp\\docs\\RewriteLabs_Backup\\2026_04_24_17_45_02\\RewriteLabs\\PLATFORM\\portal.js","archive":"C:\\Users\\soren\\archive\\docs-legacy-2026-05-04T03-06-29-830Z\\orig\\RewriteLabs_Backup\\2026_04_24_17_45_02\\RewriteLabs\\PLATFORM\\portal.js"}
{"op":"skip-ext","file":"C:\\Users\\soren\\google-drive-mcp\\docs\\RewriteLabs_Backup\\2026_04_24_17_45_02\\RewriteLabs\\PLATFORM\\styles.css"}
{"op":"copied","src":"C:\\Users\\soren\\google-drive-mcp\\docs\\RewriteLabs_Backup\\2026_04_24_17_45_02\\RewriteLabs\\PORTAL\\CHANGELOG.md","dest":"C:\\Users\\soren\\docs\\assets\\examples\\RewriteLabs_Backup\\2026_04_24_17_45_02\\RewriteLabs\\PORTAL\\CHANGELOG.md","srcHash":"ba0140df820f29d05c7ab88c4645187a18f7b03e"}
{"op":"archived-original","src":"C:\\Users\\soren\\google-drive-mcp\\docs\\RewriteLabs_Backup\\2026_04_24_17_45_02\\RewriteLabs\\PORTAL\\CHANGELOG.md","archive":"C:\\Users\\soren\\archive\\docs-legacy-2026-05-04T03-06-29-830Z\\orig\\RewriteLabs_Backup\\2026_04_24_17_45_02\\RewriteLabs\\PORTAL\\CHANGELOG.md"}
{"op":"copied","src":"C:\\Users\\soren\\google-drive-mcp\\docs\\RewriteLabs_Backup\\2026_04_24_17_45_02\\RewriteLabs\\PORTAL\\Docs Portal Performance Optimization Plan.md","dest":"C:\\Users\\soren\\docs\\assets\\examples\\RewriteLabs_Backup\\2026_04_24_17_45_02\\RewriteLabs\\PORTAL\\Docs Portal Performance Optimization Plan.md","srcHash":"26a6c1941f190ac87837a3185ec5de0bec8c6faf"}
{"op":"archived-original","src":"C:\\Users\\soren\\google-drive-mcp\\docs\\RewriteLabs_Backup\\2026_04_24_17_45_02\\RewriteLabs\\PORTAL\\Docs Portal Performance Optimization Plan.md","archive":"C:\\Users\\soren\\archive\\docs-legacy-2026-05-04T03-06-29-830Z\\orig\\RewriteLabs_Backup\\2026_04_24_17_45_02\\RewriteLabs\\PORTAL\\Docs Portal Performance Optimization Plan.md"}
{"op":"copied","src":"C:\\Users\\soren\\google-drive-mcp\\docs\\RewriteLabs_Backup\\2026_04_24_17_45_02\\RewriteLabs\\PORTAL\\Docs Portal Search UI Spec.md","dest":"C:\\Users\\soren\\docs\\assets\\examples\\RewriteLabs_Backup\\2026_04_24_17_45_02\\RewriteLabs\\PORTAL\\Docs Portal Search UI Spec.md","srcHash":"34ec7aa9e53cf6321fb94727c5160fef7e8afb2b"}
{"op":"archived-original","src":"C:\\Users\\soren\\google-drive-mcp\\docs\\RewriteLabs_Backup\\2026_04_24_17_45_02\\RewriteLabs\\PORTAL\\Docs Portal Search UI Spec.md","archive":"C:\\Users\\soren\\archive\\docs-legacy-2026-05-04T03-06-29-830Z\\orig\\RewriteLabs_Backup\\2026_04_24_17_45_02\\RewriteLabs\\PORTAL\\Docs Portal Search UI Spec.md"}
{"op":"copied","src":"C:\\Users\\soren\\google-drive-mcp\\docs\\RewriteLabs_Backup\\2026_04_24_17_45_02\\RewriteLabs\\PORTAL\\search.js","dest":"C:\\Users\\soren\\docs\\assets\\examples\\RewriteLabs_Backup\\2026_04_24_17_45_02\\RewriteLabs\\PORTAL\\search.js","srcHash":"0730ac5abe56b26029233a9a5cacaca0f1ce4d09"}
{"op":"archived-original","src":"C:\\Users\\soren\\google-drive-mcp\\docs\\RewriteLabs_Backup\\2026_04_24_17_45_02\\RewriteLabs\\PORTAL\\search.js","archive":"C:\\Users\\soren\\archive\\docs-legacy-2026-05-04T03-06-29-830Z\\orig\\RewriteLabs_Backup\\2026_04_24_17_45_02\\RewriteLabs\\PORTAL\\search.js"}
{"op":"copied","src":"C:\\Users\\soren\\google-drive-mcp\\docs\\RewriteLabs_Backup\\2026_04_24_17_45_02\\RewriteLabs\\QA\\CHANGELOG.md","dest":"C:\\Users\\soren\\docs\\assets\\examples\\RewriteLabs_Backup\\2026_04_24_17_45_02\\RewriteLabs\\QA\\CHANGELOG.md","srcHash":"ba0140df820f29d05c7ab88c4645187a18f7b03e"}
{"op":"archived-original","src":"C:\\Users\\soren\\google-drive-mcp\\docs\\RewriteLabs_Backup\\2026_04_24_17_45_02\\RewriteLabs\\QA\\CHANGELOG.md","archive":"C:\\Users\\soren\\archive\\docs-legacy-2026-05-04T03-06-29-830Z\\orig\\RewriteLabs_Backup\\2026_04_24_17_45_02\\RewriteLabs\\QA\\CHANGELOG.md"}
{"op":"copied","src":"C:\\Users\\soren\\google-drive-mcp\\docs\\RewriteLabs_Backup\\2026_04_24_17_45_02\\RewriteLabs\\QA\\Docs QA Checklist.md","dest":"C:\\Users\\soren\\docs\\assets\\examples\\RewriteLabs_Backup\\2026_04_24_17_45_02\\RewriteLabs\\QA\\Docs QA Checklist.md","srcHash":"eddf349e32d04d6a27fa6d81cfa8349d659bd22e"}
{"op":"archived-original","src":"C:\\Users\\soren\\google-drive-mcp\\docs\\RewriteLabs_Backup\\2026_04_24_17_45_02\\RewriteLabs\\QA\\Docs QA Checklist.md","archive":"C:\\Users\\soren\\archive\\docs-legacy-2026-05-04T03-06-29-830Z\\orig\\RewriteLabs_Backup\\2026_04_24_17_45_02\\RewriteLabs\\QA\\Docs QA Checklist.md"}
{"op":"skip-duplicate","src":"C:\\Users\\soren\\google-drive-mcp\\docs\\RewriteLabs_Backup\\2026_04_24_17_45_02\\RewriteLabs\\README.md","dest":"C:\\Users\\soren\\docs\\README.md","srcHash":"a3fc9b959a0f77895f7de22bbda7f27a444f0b81"}
{"op":"archived-original","src":"C:\\Users\\soren\\google-drive-mcp\\docs\\RewriteLabs_Backup\\2026_04_24_17_45_02\\RewriteLabs\\README.md","archive":"C:\\Users\\soren\\archive\\docs-legacy-2026-05-04T03-06-29-830Z\\orig\\RewriteLabs_Backup\\2026_04_24_17_45_02\\RewriteLabs\\README.md"}
{"op":"copied","src":"C:\\Users\\soren\\google-drive-mcp\\docs\\RewriteLabs_Backup\\2026_04_24_17_45_02\\RewriteLabs\\RELEASE_PIPELINE.md","dest":"C:\\Users\\soren\\docs\\assets\\examples\\RewriteLabs_Backup\\2026_04_24_17_45_02\\RewriteLabs\\RELEASE_PIPELINE.md","srcHash":"557ad0f6f36fac1f1d4574e96afb58e345e5b3e4"}
{"op":"archived-original","src":"C:\\Users\\soren\\google-drive-mcp\\docs\\RewriteLabs_Backup\\2026_04_24_17_45_02\\RewriteLabs\\RELEASE_PIPELINE.md","archive":"C:\\Users\\soren\\archive\\docs-legacy-2026-05-04T03-06-29-830Z\\orig\\RewriteLabs_Backup\\2026_04_24_17_45_02\\RewriteLabs\\RELEASE_PIPELINE.md"}
{"op":"copied","src":"C:\\Users\\soren\\google-drive-mcp\\docs\\RewriteLabs_Backup\\2026_04_24_17_45_02\\RewriteLabs\\Roadmaps\\CHANGELOG.md","dest":"C:\\Users\\soren\\docs\\assets\\examples\\RewriteLabs_Backup\\2026_04_24_17_45_02\\RewriteLabs\\Roadmaps\\CHANGELOG.md","srcHash":"67aa07fcf87e47d6646c735171bf9c48c2f2f50c"}
{"op":"archived-original","src":"C:\\Users\\soren\\google-drive-mcp\\docs\\RewriteLabs_Backup\\2026_04_24_17_45_02\\RewriteLabs\\Roadmaps\\CHANGELOG.md","archive":"C:\\Users\\soren\\archive\\docs-legacy-2026-05-04T03-06-29-830Z\\orig\\RewriteLabs_Backup\\2026_04_24_17_45_02\\RewriteLabs\\Roadmaps\\CHANGELOG.md"}
{"op":"copied","src":"C:\\Users\\soren\\google-drive-mcp\\docs\\RewriteLabs_Backup\\2026_04_24_17_45_02\\RewriteLabs\\Roadmaps\\Docs Automation Roadmap.md","dest":"C:\\Users\\soren\\docs\\assets\\examples\\RewriteLabs_Backup\\2026_04_24_17_45_02\\RewriteLabs\\Roadmaps\\Docs Automation Roadmap.md","srcHash":"b86ad067872ed629d5102979b473b252c1dc82ff"}
{"op":"archived-original","src":"C:\\Users\\soren\\google-drive-mcp\\docs\\RewriteLabs_Backup\\2026_04_24_17_45_02\\RewriteLabs\\Roadmaps\\Docs Automation Roadmap.md","archive":"C:\\Users\\soren\\archive\\docs-legacy-2026-05-04T03-06-29-830Z\\orig\\RewriteLabs_Backup\\2026_04_24_17_45_02\\RewriteLabs\\Roadmaps\\Docs Automation Roadmap.md"}
{"op":"skip-ext","file":"C:\\Users\\soren\\google-drive-mcp\\docs\\RewriteLabs_Backup\\2026_04_24_17_45_02\\RewriteLabs\\Roadmaps\\Rewrite Labs - Master Roadmap (Updated with Outreach Automation Track).txt"}
{"op":"copied","src":"C:\\Users\\soren\\google-drive-mcp\\docs\\RewriteLabs_Backup\\2026_04_24_17_45_02\\RewriteLabs\\SEARCH\\CHANGELOG.md","dest":"C:\\Users\\soren\\docs\\assets\\examples\\RewriteLabs_Backup\\2026_04_24_17_45_02\\RewriteLabs\\SEARCH\\CHANGELOG.md","srcHash":"ba0140df820f29d05c7ab88c4645187a18f7b03e"}
{"op":"archived-original","src":"C:\\Users\\soren\\google-drive-mcp\\docs\\RewriteLabs_Backup\\2026_04_24_17_45_02\\RewriteLabs\\SEARCH\\CHANGELOG.md","archive":"C:\\Users\\soren\\archive\\docs-legacy-2026-05-04T03-06-29-830Z\\orig\\RewriteLabs_Backup\\2026_04_24_17_45_02\\RewriteLabs\\SEARCH\\CHANGELOG.md"}
{"op":"copied","src":"C:\\Users\\soren\\google-drive-mcp\\docs\\RewriteLabs_Backup\\2026_04_24_17_45_02\\RewriteLabs\\search-index.json","dest":"C:\\Users\\soren\\docs\\assets\\examples\\RewriteLabs_Backup\\2026_04_24_17_45_02\\RewriteLabs\\search-index.json","srcHash":"5c3fa45080d1e05d8ed00b6952eda73c8f438373"}
{"op":"archived-original","src":"C:\\Users\\soren\\google-drive-mcp\\docs\\RewriteLabs_Backup\\2026_04_24_17_45_02\\RewriteLabs\\search-index.json","archive":"C:\\Users\\soren\\archive\\docs-legacy-2026-05-04T03-06-29-830Z\\orig\\RewriteLabs_Backup\\2026_04_24_17_45_02\\RewriteLabs\\search-index.json"}
{"op":"copied","src":"C:\\Users\\soren\\google-drive-mcp\\docs\\RewriteLabs_Backup\\2026_04_24_17_45_02\\RewriteLabs\\SITEMAP.md","dest":"C:\\Users\\soren\\docs\\assets\\examples\\RewriteLabs_Backup\\2026_04_24_17_45_02\\RewriteLabs\\SITEMAP.md","srcHash":"4c12c016112e59592c042f7fa39c983c58bfc714"}
{"op":"archived-original","src":"C:\\Users\\soren\\google-drive-mcp\\docs\\RewriteLabs_Backup\\2026_04_24_17_45_02\\RewriteLabs\\SITEMAP.md","archive":"C:\\Users\\soren\\archive\\docs-legacy-2026-05-04T03-06-29-830Z\\orig\\RewriteLabs_Backup\\2026_04_24_17_45_02\\RewriteLabs\\SITEMAP.md"}
{"op":"copied","src":"C:\\Users\\soren\\google-drive-mcp\\docs\\RewriteLabs_Backup\\2026_04_24_17_45_02\\RewriteLabs\\UI\\CHANGELOG.md","dest":"C:\\Users\\soren\\docs\\assets\\examples\\RewriteLabs_Backup\\2026_04_24_17_45_02\\RewriteLabs\\UI\\CHANGELOG.md","srcHash":"ba0140df820f29d05c7ab88c4645187a18f7b03e"}
{"op":"archived-original","src":"C:\\Users\\soren\\google-drive-mcp\\docs\\RewriteLabs_Backup\\2026_04_24_17_45_02\\RewriteLabs\\UI\\CHANGELOG.md","archive":"C:\\Users\\soren\\archive\\docs-legacy-2026-05-04T03-06-29-830Z\\orig\\RewriteLabs_Backup\\2026_04_24_17_45_02\\RewriteLabs\\UI\\CHANGELOG.md"}
{"op":"copied","src":"C:\\Users\\soren\\google-drive-mcp\\docs\\RewriteLabs_Backup\\2026_04_24_17_45_02\\RewriteLabs\\UI\\Docs Automation Roadmap.md","dest":"C:\\Users\\soren\\docs\\assets\\examples\\RewriteLabs_Backup\\2026_04_24_17_45_02\\RewriteLabs\\UI\\Docs Automation Roadmap.md","srcHash":"e24927e4f8edf308d77463225f509acc3e7162f4"}
{"op":"archived-original","src":"C:\\Users\\soren\\google-drive-mcp\\docs\\RewriteLabs_Backup\\2026_04_24_17_45_02\\RewriteLabs\\UI\\Docs Automation Roadmap.md","archive":"C:\\Users\\soren\\archive\\docs-legacy-2026-05-04T03-06-29-830Z\\orig\\RewriteLabs_Backup\\2026_04_24_17_45_02\\RewriteLabs\\UI\\Docs Automation Roadmap.md"}
{"op":"copied","src":"C:\\Users\\soren\\google-drive-mcp\\docs\\RewriteLabs_Backup\\2026_04_24_17_45_02\\RewriteLabs\\UI\\Docs Dashboard Spec.md","dest":"C:\\Users\\soren\\docs\\assets\\examples\\RewriteLabs_Backup\\2026_04_24_17_45_02\\RewriteLabs\\UI\\Docs Dashboard Spec.md","srcHash":"437c0cd0cd01a94c566eade64fccfce74186ccc2"}
{"op":"archived-original","src":"C:\\Users\\soren\\google-drive-mcp\\docs\\RewriteLabs_Backup\\2026_04_24_17_45_02\\RewriteLabs\\UI\\Docs Dashboard Spec.md","archive":"C:\\Users\\soren\\archive\\docs-legacy-2026-05-04T03-06-29-830Z\\orig\\RewriteLabs_Backup\\2026_04_24_17_45_02\\RewriteLabs\\UI\\Docs Dashboard Spec.md"}
{"op":"skip-ext","file":"C:\\Users\\soren\\google-drive-mcp\\docs\\RewriteLabs_Backup\\2026_04_24_17_45_02\\RewriteLabs\\UI\\Operator Console Mock UI.txt"}
{"op":"copied","src":"C:\\Users\\soren\\google-drive-mcp\\docs\\RewriteLabs_Backup\\2026_04_24_17_45_02\\RewriteLabs\\version-manifest.json","dest":"C:\\Users\\soren\\docs\\assets\\examples\\RewriteLabs_Backup\\2026_04_24_17_45_02\\RewriteLabs\\version-manifest.json","srcHash":"00e30510bb8f15d977b9057e4d5062b285f2b4e3"}
{"op":"archived-original","src":"C:\\Users\\soren\\google-drive-mcp\\docs\\RewriteLabs_Backup\\2026_04_24_17_45_02\\RewriteLabs\\version-manifest.json","archive":"C:\\Users\\soren\\archive\\docs-legacy-2026-05-04T03-06-29-830Z\\orig\\RewriteLabs_Backup\\2026_04_24_17_45_02\\RewriteLabs\\version-manifest.json"}
{"op":"copied","src":"C:\\Users\\soren\\google-drive-mcp\\docs\\RewriteLabs_Backup\\2026_04_24_17_45_02\\RewriteLabs\\VERSIONING.md","dest":"C:\\Users\\soren\\docs\\assets\\examples\\RewriteLabs_Backup\\2026_04_24_17_45_02\\RewriteLabs\\VERSIONING.md","srcHash":"cac03bd0a38ffb3631372bb62eec9245e93f5bac"}
{"op":"archived-original","src":"C:\\Users\\soren\\google-drive-mcp\\docs\\RewriteLabs_Backup\\2026_04_24_17_45_02\\RewriteLabs\\VERSIONING.md","archive":"C:\\Users\\soren\\archive\\docs-legacy-2026-05-04T03-06-29-830Z\\orig\\RewriteLabs_Backup\\2026_04_24_17_45_02\\RewriteLabs\\VERSIONING.md"}
{"op":"copied","src":"C:\\Users\\soren\\google-drive-mcp\\docs\\RewriteLabs_Backup\\2026_04_24_17_47_57\\RewriteLabs\\AI\\CHANGELOG.md","dest":"C:\\Users\\soren\\docs\\assets\\examples\\RewriteLabs_Backup\\2026_04_24_17_47_57\\RewriteLabs\\AI\\CHANGELOG.md","srcHash":"fde8813cc4efa44a06e6eaed2941fd8764f73254"}
{"op":"archived-original","src":"C:\\Users\\soren\\google-drive-mcp\\docs\\RewriteLabs_Backup\\2026_04_24_17_47_57\\RewriteLabs\\AI\\CHANGELOG.md","archive":"C:\\Users\\soren\\archive\\docs-legacy-2026-05-04T03-06-29-830Z\\orig\\RewriteLabs_Backup\\2026_04_24_17_47_57\\RewriteLabs\\AI\\CHANGELOG.md"}
{"op":"copied","src":"C:\\Users\\soren\\google-drive-mcp\\docs\\RewriteLabs_Backup\\2026_04_24_17_47_57\\RewriteLabs\\AI\\Docs AI Integration.md","dest":"C:\\Users\\soren\\docs\\assets\\examples\\RewriteLabs_Backup\\2026_04_24_17_47_57\\RewriteLabs\\AI\\Docs AI Integration.md","srcHash":"78c9fd4ad817a811c0159604c5023a3c0b6331ce"}
{"op":"archived-original","src":"C:\\Users\\soren\\google-drive-mcp\\docs\\RewriteLabs_Backup\\2026_04_24_17_47_57\\RewriteLabs\\AI\\Docs AI Integration.md","archive":"C:\\Users\\soren\\archive\\docs-legacy-2026-05-04T03-06-29-830Z\\orig\\RewriteLabs_Backup\\2026_04_24_17_47_57\\RewriteLabs\\AI\\Docs AI Integration.md"}
{"op":"copied","src":"C:\\Users\\soren\\google-drive-mcp\\docs\\RewriteLabs_Backup\\2026_04_24_17_47_57\\RewriteLabs\\API\\CHANGELOG.md","dest":"C:\\Users\\soren\\docs\\assets\\examples\\RewriteLabs_Backup\\2026_04_24_17_47_57\\RewriteLabs\\API\\CHANGELOG.md","srcHash":"fde8813cc4efa44a06e6eaed2941fd8764f73254"}
{"op":"archived-original","src":"C:\\Users\\soren\\google-drive-mcp\\docs\\RewriteLabs_Backup\\2026_04_24_17_47_57\\RewriteLabs\\API\\CHANGELOG.md","archive":"C:\\Users\\soren\\archive\\docs-legacy-2026-05-04T03-06-29-830Z\\orig\\RewriteLabs_Backup\\2026_04_24_17_47_57\\RewriteLabs\\API\\CHANGELOG.md"}
{"op":"copied","src":"C:\\Users\\soren\\google-drive-mcp\\docs\\RewriteLabs_Backup\\2026_04_24_17_47_57\\RewriteLabs\\API\\Docs API Specification.md","dest":"C:\\Users\\soren\\docs\\assets\\examples\\RewriteLabs_Backup\\2026_04_24_17_47_57\\RewriteLabs\\API\\Docs API Specification.md","srcHash":"2a3d0deb23897ac15c09da0f24ed467894b20c88"}
{"op":"archived-original","src":"C:\\Users\\soren\\google-drive-mcp\\docs\\RewriteLabs_Backup\\2026_04_24_17_47_57\\RewriteLabs\\API\\Docs API Specification.md","archive":"C:\\Users\\soren\\archive\\docs-legacy-2026-05-04T03-06-29-830Z\\orig\\RewriteLabs_Backup\\2026_04_24_17_47_57\\RewriteLabs\\API\\Docs API Specification.md"}
{"op":"copied","src":"C:\\Users\\soren\\google-drive-mcp\\docs\\RewriteLabs_Backup\\2026_04_24_17_47_57\\RewriteLabs\\ARCHITECTURE\\CHANGELOG.md","dest":"C:\\Users\\soren\\docs\\assets\\examples\\RewriteLabs_Backup\\2026_04_24_17_47_57\\RewriteLabs\\ARCHITECTURE\\CHANGELOG.md","srcHash":"fde8813cc4efa44a06e6eaed2941fd8764f73254"}
{"op":"archived-original","src":"C:\\Users\\soren\\google-drive-mcp\\docs\\RewriteLabs_Backup\\2026_04_24_17_47_57\\RewriteLabs\\ARCHITECTURE\\CHANGELOG.md","archive":"C:\\Users\\soren\\archive\\docs-legacy-2026-05-04T03-06-29-830Z\\orig\\RewriteLabs_Backup\\2026_04_24_17_47_57\\RewriteLabs\\ARCHITECTURE\\CHANGELOG.md"}
{"op":"copied","src":"C:\\Users\\soren\\google-drive-mcp\\docs\\RewriteLabs_Backup\\2026_04_24_17_47_57\\RewriteLabs\\ARCHITECTURE\\Docs Architecture Diagram.md","dest":"C:\\Users\\soren\\docs\\assets\\examples\\RewriteLabs_Backup\\2026_04_24_17_47_57\\RewriteLabs\\ARCHITECTURE\\Docs Architecture Diagram.md","srcHash":"437c0cd0cd01a94c566eade64fccfce74186ccc2"}
{"op":"archived-original","src":"C:\\Users\\soren\\google-drive-mcp\\docs\\RewriteLabs_Backup\\2026_04_24_17_47_57\\RewriteLabs\\ARCHITECTURE\\Docs Architecture Diagram.md","archive":"C:\\Users\\soren\\archive\\docs-legacy-2026-05-04T03-06-29-830Z\\orig\\RewriteLabs_Backup\\2026_04_24_17_47_57\\RewriteLabs\\ARCHITECTURE\\Docs Architecture Diagram.md"}
{"op":"copied","src":"C:\\Users\\soren\\google-drive-mcp\\docs\\RewriteLabs_Backup\\2026_04_24_17_47_57\\RewriteLabs\\BACKUP_POLICY.md","dest":"C:\\Users\\soren\\docs\\assets\\examples\\RewriteLabs_Backup\\2026_04_24_17_47_57\\RewriteLabs\\BACKUP_POLICY.md","srcHash":"a7961b0189364b41bb7acb28e3b511ea7d0d962a"}
{"op":"archived-original","src":"C:\\Users\\soren\\google-drive-mcp\\docs\\RewriteLabs_Backup\\2026_04_24_17_47_57\\RewriteLabs\\BACKUP_POLICY.md","archive":"C:\\Users\\soren\\archive\\docs-legacy-2026-05-04T03-06-29-830Z\\orig\\RewriteLabs_Backup\\2026_04_24_17_47_57\\RewriteLabs\\BACKUP_POLICY.md"}
{"op":"copied","src":"C:\\Users\\soren\\google-drive-mcp\\docs\\RewriteLabs_Backup\\2026_04_24_17_47_57\\RewriteLabs\\DASHBOARD\\CHANGELOG.md","dest":"C:\\Users\\soren\\docs\\assets\\examples\\RewriteLabs_Backup\\2026_04_24_17_47_57\\RewriteLabs\\DASHBOARD\\CHANGELOG.md","srcHash":"fde8813cc4efa44a06e6eaed2941fd8764f73254"}
{"op":"archived-original","src":"C:\\Users\\soren\\google-drive-mcp\\docs\\RewriteLabs_Backup\\2026_04_24_17_47_57\\RewriteLabs\\DASHBOARD\\CHANGELOG.md","archive":"C:\\Users\\soren\\archive\\docs-legacy-2026-05-04T03-06-29-830Z\\orig\\RewriteLabs_Backup\\2026_04_24_17_47_57\\RewriteLabs\\DASHBOARD\\CHANGELOG.md"}
{"op":"copied","src":"C:\\Users\\soren\\google-drive-mcp\\docs\\RewriteLabs_Backup\\2026_04_24_17_47_57\\RewriteLabs\\Docs Home.md","dest":"C:\\Users\\soren\\docs\\assets\\examples\\RewriteLabs_Backup\\2026_04_24_17_47_57\\RewriteLabs\\Docs Home.md","srcHash":"4c7dcfe23e05d8718243a71f7c7cab95e632df1f"}
{"op":"archived-original","src":"C:\\Users\\soren\\google-drive-mcp\\docs\\RewriteLabs_Backup\\2026_04_24_17_47_57\\RewriteLabs\\Docs Home.md","archive":"C:\\Users\\soren\\archive\\docs-legacy-2026-05-04T03-06-29-830Z\\orig\\RewriteLabs_Backup\\2026_04_24_17_47_57\\RewriteLabs\\Docs Home.md"}
{"op":"copied","src":"C:\\Users\\soren\\google-drive-mcp\\docs\\RewriteLabs_Backup\\2026_04_24_17_47_57\\RewriteLabs\\Docs Metrics Dashboard Spec.md","dest":"C:\\Users\\soren\\docs\\assets\\examples\\RewriteLabs_Backup\\2026_04_24_17_47_57\\RewriteLabs\\Docs Metrics Dashboard Spec.md","srcHash":"f3c267d31697bb4870951d6123202f87e36c79d9"}
{"op":"archived-original","src":"C:\\Users\\soren\\google-drive-mcp\\docs\\RewriteLabs_Backup\\2026_04_24_17_47_57\\RewriteLabs\\Docs Metrics Dashboard Spec.md","archive":"C:\\Users\\soren\\archive\\docs-legacy-2026-05-04T03-06-29-830Z\\orig\\RewriteLabs_Backup\\2026_04_24_17_47_57\\RewriteLabs\\Docs Metrics Dashboard Spec.md"}
{"op":"copied","src":"C:\\Users\\soren\\google-drive-mcp\\docs\\RewriteLabs_Backup\\2026_04_24_17_47_57\\RewriteLabs\\Docs Search Index Generator.md","dest":"C:\\Users\\soren\\docs\\assets\\examples\\RewriteLabs_Backup\\2026_04_24_17_47_57\\RewriteLabs\\Docs Search Index Generator.md","srcHash":"79b75155772126619676ac9c5bc4a482a8734c17"}
{"op":"archived-original","src":"C:\\Users\\soren\\google-drive-mcp\\docs\\RewriteLabs_Backup\\2026_04_24_17_47_57\\RewriteLabs\\Docs Search Index Generator.md","archive":"C:\\Users\\soren\\archive\\docs-legacy-2026-05-04T03-06-29-830Z\\orig\\RewriteLabs_Backup\\2026_04_24_17_47_57\\RewriteLabs\\Docs Search Index Generator.md"}
{"op":"copied","src":"C:\\Users\\soren\\google-drive-mcp\\docs\\RewriteLabs_Backup\\2026_04_24_17_47_57\\RewriteLabs\\GOVERNANCE.md","dest":"C:\\Users\\soren\\docs\\assets\\examples\\RewriteLabs_Backup\\2026_04_24_17_47_57\\RewriteLabs\\GOVERNANCE.md","srcHash":"f5a6bec97bac37a832a743abde1422c4ca214656"}
{"op":"archived-original","src":"C:\\Users\\soren\\google-drive-mcp\\docs\\RewriteLabs_Backup\\2026_04_24_17_47_57\\RewriteLabs\\GOVERNANCE.md","archive":"C:\\Users\\soren\\archive\\docs-legacy-2026-05-04T03-06-29-830Z\\orig\\RewriteLabs_Backup\\2026_04_24_17_47_57\\RewriteLabs\\GOVERNANCE.md"}
{"op":"copied","src":"C:\\Users\\soren\\google-drive-mcp\\docs\\RewriteLabs_Backup\\2026_04_24_17_47_57\\RewriteLabs\\index.html","dest":"C:\\Users\\soren\\docs\\assets\\examples\\RewriteLabs_Backup\\2026_04_24_17_47_57\\RewriteLabs\\index.html","srcHash":"d82bf339c49703e0e7463a0fa98d1651bb7e088c"}
{"op":"archived-original","src":"C:\\Users\\soren\\google-drive-mcp\\docs\\RewriteLabs_Backup\\2026_04_24_17_47_57\\RewriteLabs\\index.html","archive":"C:\\Users\\soren\\archive\\docs-legacy-2026-05-04T03-06-29-830Z\\orig\\RewriteLabs_Backup\\2026_04_24_17_47_57\\RewriteLabs\\index.html"}
{"op":"copied","src":"C:\\Users\\soren\\google-drive-mcp\\docs\\RewriteLabs_Backup\\2026_04_24_17_47_57\\RewriteLabs\\INDEX.md","dest":"C:\\Users\\soren\\docs\\assets\\examples\\RewriteLabs_Backup\\2026_04_24_17_47_57\\RewriteLabs\\INDEX.md","srcHash":"f207c0a8cf2ebd0ea4679da975d0ed3c8de63c04"}
{"op":"archived-original","src":"C:\\Users\\soren\\google-drive-mcp\\docs\\RewriteLabs_Backup\\2026_04_24_17_47_57\\RewriteLabs\\INDEX.md","archive":"C:\\Users\\soren\\archive\\docs-legacy-2026-05-04T03-06-29-830Z\\orig\\RewriteLabs_Backup\\2026_04_24_17_47_57\\RewriteLabs\\INDEX.md"}
{"op":"copied","src":"C:\\Users\\soren\\google-drive-mcp\\docs\\RewriteLabs_Backup\\2026_04_24_17_47_57\\RewriteLabs\\ingestion-index.md","dest":"C:\\Users\\soren\\docs\\assets\\examples\\RewriteLabs_Backup\\2026_04_24_17_47_57\\RewriteLabs\\ingestion-index.md","srcHash":"db3003f10e6143b54f2695353e197b585860ce11"}
{"op":"archived-original","src":"C:\\Users\\soren\\google-drive-mcp\\docs\\RewriteLabs_Backup\\2026_04_24_17_47_57\\RewriteLabs\\ingestion-index.md","archive":"C:\\Users\\soren\\archive\\docs-legacy-2026-05-04T03-06-29-830Z\\orig\\RewriteLabs_Backup\\2026_04_24_17_47_57\\RewriteLabs\\ingestion-index.md"}
{"op":"copied","src":"C:\\Users\\soren\\google-drive-mcp\\docs\\RewriteLabs_Backup\\2026_04_24_17_47_57\\RewriteLabs\\LINTER\\CHANGELOG.md","dest":"C:\\Users\\soren\\docs\\assets\\examples\\RewriteLabs_Backup\\2026_04_24_17_47_57\\RewriteLabs\\LINTER\\CHANGELOG.md","srcHash":"fde8813cc4efa44a06e6eaed2941fd8764f73254"}
{"op":"archived-original","src":"C:\\Users\\soren\\google-drive-mcp\\docs\\RewriteLabs_Backup\\2026_04_24_17_47_57\\RewriteLabs\\LINTER\\CHANGELOG.md","archive":"C:\\Users\\soren\\archive\\docs-legacy-2026-05-04T03-06-29-830Z\\orig\\RewriteLabs_Backup\\2026_04_24_17_47_57\\RewriteLabs\\LINTER\\CHANGELOG.md"}
{"op":"copied","src":"C:\\Users\\soren\\google-drive-mcp\\docs\\RewriteLabs_Backup\\2026_04_24_17_47_57\\RewriteLabs\\LINTER\\Docs Linter Rules.md","dest":"C:\\Users\\soren\\docs\\assets\\examples\\RewriteLabs_Backup\\2026_04_24_17_47_57\\RewriteLabs\\LINTER\\Docs Linter Rules.md","srcHash":"650da60a4caf310742b758fb74a7b316df85f974"}
{"op":"archived-original","src":"C:\\Users\\soren\\google-drive-mcp\\docs\\RewriteLabs_Backup\\2026_04_24_17_47_57\\RewriteLabs\\LINTER\\Docs Linter Rules.md","archive":"C:\\Users\\soren\\archive\\docs-legacy-2026-05-04T03-06-29-830Z\\orig\\RewriteLabs_Backup\\2026_04_24_17_47_57\\RewriteLabs\\LINTER\\Docs Linter Rules.md"}
{"op":"copied","src":"C:\\Users\\soren\\google-drive-mcp\\docs\\RewriteLabs_Backup\\2026_04_24_17_47_57\\RewriteLabs\\Manuals\\CHANGELOG.md","dest":"C:\\Users\\soren\\docs\\assets\\examples\\RewriteLabs_Backup\\2026_04_24_17_47_57\\RewriteLabs\\Manuals\\CHANGELOG.md","srcHash":"b087f482b921983dc8a822131ac9d5a4c5b107ef"}
{"op":"archived-original","src":"C:\\Users\\soren\\google-drive-mcp\\docs\\RewriteLabs_Backup\\2026_04_24_17_47_57\\RewriteLabs\\Manuals\\CHANGELOG.md","archive":"C:\\Users\\soren\\archive\\docs-legacy-2026-05-04T03-06-29-830Z\\orig\\RewriteLabs_Backup\\2026_04_24_17_47_57\\RewriteLabs\\Manuals\\CHANGELOG.md"}
{"op":"skip-ext","file":"C:\\Users\\soren\\google-drive-mcp\\docs\\RewriteLabs_Backup\\2026_04_24_17_47_57\\RewriteLabs\\Manuals\\Rewrite Labs - Master Instructions Manual (Updated with Outreach Automation).txt"}
{"op":"skip-ext","file":"C:\\Users\\soren\\google-drive-mcp\\docs\\RewriteLabs_Backup\\2026_04_24_17_47_57\\RewriteLabs\\mkdocs.yml"}
{"op":"copied","src":"C:\\Users\\soren\\google-drive-mcp\\docs\\RewriteLabs_Backup\\2026_04_24_17_47_57\\RewriteLabs\\OPERATOR_CONSOLE\\CHANGELOG.md","dest":"C:\\Users\\soren\\docs\\assets\\examples\\RewriteLabs_Backup\\2026_04_24_17_47_57\\RewriteLabs\\OPERATOR_CONSOLE\\CHANGELOG.md","srcHash":"fde8813cc4efa44a06e6eaed2941fd8764f73254"}
{"op":"archived-original","src":"C:\\Users\\soren\\google-drive-mcp\\docs\\RewriteLabs_Backup\\2026_04_24_17_47_57\\RewriteLabs\\OPERATOR_CONSOLE\\CHANGELOG.md","archive":"C:\\Users\\soren\\archive\\docs-legacy-2026-05-04T03-06-29-830Z\\orig\\RewriteLabs_Backup\\2026_04_24_17_47_57\\RewriteLabs\\OPERATOR_CONSOLE\\CHANGELOG.md"}
{"op":"copied","src":"C:\\Users\\soren\\google-drive-mcp\\docs\\RewriteLabs_Backup\\2026_04_24_17_47_57\\RewriteLabs\\OPERATOR_CONSOLE\\Docs API Wiring.md","dest":"C:\\Users\\soren\\docs\\assets\\examples\\RewriteLabs_Backup\\2026_04_24_17_47_57\\RewriteLabs\\OPERATOR_CONSOLE\\Docs API Wiring.md","srcHash":"b9d2c5b64eecd7e74e2b1976e2c1aef4460c8089"}
{"op":"archived-original","src":"C:\\Users\\soren\\google-drive-mcp\\docs\\RewriteLabs_Backup\\2026_04_24_17_47_57\\RewriteLabs\\OPERATOR_CONSOLE\\Docs API Wiring.md","archive":"C:\\Users\\soren\\archive\\docs-legacy-2026-05-04T03-06-29-830Z\\orig\\RewriteLabs_Backup\\2026_04_24_17_47_57\\RewriteLabs\\OPERATOR_CONSOLE\\Docs API Wiring.md"}
{"op":"copied","src":"C:\\Users\\soren\\google-drive-mcp\\docs\\RewriteLabs_Backup\\2026_04_24_17_47_57\\RewriteLabs\\OPERATOR_CONSOLE_INTEGRATION.md","dest":"C:\\Users\\soren\\docs\\assets\\examples\\RewriteLabs_Backup\\2026_04_24_17_47_57\\RewriteLabs\\OPERATOR_CONSOLE_INTEGRATION.md","srcHash":"714b851e2848c87ec601a182c064ab569c80715a"}
{"op":"archived-original","src":"C:\\Users\\soren\\google-drive-mcp\\docs\\RewriteLabs_Backup\\2026_04_24_17_47_57\\RewriteLabs\\OPERATOR_CONSOLE_INTEGRATION.md","archive":"C:\\Users\\soren\\archive\\docs-legacy-2026-05-04T03-06-29-830Z\\orig\\RewriteLabs_Backup\\2026_04_24_17_47_57\\RewriteLabs\\OPERATOR_CONSOLE_INTEGRATION.md"}
{"op":"copied","src":"C:\\Users\\soren\\google-drive-mcp\\docs\\RewriteLabs_Backup\\2026_04_24_17_47_57\\RewriteLabs\\Outreach\\CHANGELOG.md","dest":"C:\\Users\\soren\\docs\\assets\\examples\\RewriteLabs_Backup\\2026_04_24_17_47_57\\RewriteLabs\\Outreach\\CHANGELOG.md","srcHash":"c5342180a242aaf0095597d8638bedc4bd145612"}
{"op":"archived-original","src":"C:\\Users\\soren\\google-drive-mcp\\docs\\RewriteLabs_Backup\\2026_04_24_17_47_57\\RewriteLabs\\Outreach\\CHANGELOG.md","archive":"C:\\Users\\soren\\archive\\docs-legacy-2026-05-04T03-06-29-830Z\\orig\\RewriteLabs_Backup\\2026_04_24_17_47_57\\RewriteLabs\\Outreach\\CHANGELOG.md"}
{"op":"skip-ext","file":"C:\\Users\\soren\\google-drive-mcp\\docs\\RewriteLabs_Backup\\2026_04_24_17_47_57\\RewriteLabs\\Outreach\\Rewrite Labs - Outreach Automation Playbook.txt"}
{"op":"copied","src":"C:\\Users\\soren\\google-drive-mcp\\docs\\RewriteLabs_Backup\\2026_04_24_17_47_57\\RewriteLabs\\PLATFORM\\CHANGELOG.md","dest":"C:\\Users\\soren\\docs\\assets\\examples\\RewriteLabs_Backup\\2026_04_24_17_47_57\\RewriteLabs\\PLATFORM\\CHANGELOG.md","srcHash":"fde8813cc4efa44a06e6eaed2941fd8764f73254"}
{"op":"archived-original","src":"C:\\Users\\soren\\google-drive-mcp\\docs\\RewriteLabs_Backup\\2026_04_24_17_47_57\\RewriteLabs\\PLATFORM\\CHANGELOG.md","archive":"C:\\Users\\soren\\archive\\docs-legacy-2026-05-04T03-06-29-830Z\\orig\\RewriteLabs_Backup\\2026_04_24_17_47_57\\RewriteLabs\\PLATFORM\\CHANGELOG.md"}
{"op":"copied","src":"C:\\Users\\soren\\google-drive-mcp\\docs\\RewriteLabs_Backup\\2026_04_24_17_47_57\\RewriteLabs\\PLATFORM\\Docs Integration Plan.md","dest":"C:\\Users\\soren\\docs\\assets\\examples\\RewriteLabs_Backup\\2026_04_24_17_47_57\\RewriteLabs\\PLATFORM\\Docs Integration Plan.md","srcHash":"1edcb62c30974d3d4c669b4d156f90791211bb34"}
{"op":"archived-original","src":"C:\\Users\\soren\\google-drive-mcp\\docs\\RewriteLabs_Backup\\2026_04_24_17_47_57\\RewriteLabs\\PLATFORM\\Docs Integration Plan.md","archive":"C:\\Users\\soren\\archive\\docs-legacy-2026-05-04T03-06-29-830Z\\orig\\RewriteLabs_Backup\\2026_04_24_17_47_57\\RewriteLabs\\PLATFORM\\Docs Integration Plan.md"}
{"op":"copied","src":"C:\\Users\\soren\\google-drive-mcp\\docs\\RewriteLabs_Backup\\2026_04_24_17_47_57\\RewriteLabs\\PLATFORM\\index.html","dest":"C:\\Users\\soren\\docs\\assets\\examples\\RewriteLabs_Backup\\2026_04_24_17_47_57\\RewriteLabs\\PLATFORM\\index.html","srcHash":"af4e1295a372fb675e06355bd01197a199cd3c66"}
{"op":"archived-original","src":"C:\\Users\\soren\\google-drive-mcp\\docs\\RewriteLabs_Backup\\2026_04_24_17_47_57\\RewriteLabs\\PLATFORM\\index.html","archive":"C:\\Users\\soren\\archive\\docs-legacy-2026-05-04T03-06-29-830Z\\orig\\RewriteLabs_Backup\\2026_04_24_17_47_57\\RewriteLabs\\PLATFORM\\index.html"}
{"op":"copied","src":"C:\\Users\\soren\\google-drive-mcp\\docs\\RewriteLabs_Backup\\2026_04_24_17_47_57\\RewriteLabs\\PLATFORM\\portal.js","dest":"C:\\Users\\soren\\docs\\assets\\examples\\RewriteLabs_Backup\\2026_04_24_17_47_57\\RewriteLabs\\PLATFORM\\portal.js","srcHash":"b9d2c5b64eecd7e74e2b1976e2c1aef4460c8089"}
{"op":"archived-original","src":"C:\\Users\\soren\\google-drive-mcp\\docs\\RewriteLabs_Backup\\2026_04_24_17_47_57\\RewriteLabs\\PLATFORM\\portal.js","archive":"C:\\Users\\soren\\archive\\docs-legacy-2026-05-04T03-06-29-830Z\\orig\\RewriteLabs_Backup\\2026_04_24_17_47_57\\RewriteLabs\\PLATFORM\\portal.js"}
{"op":"skip-ext","file":"C:\\Users\\soren\\google-drive-mcp\\docs\\RewriteLabs_Backup\\2026_04_24_17_47_57\\RewriteLabs\\PLATFORM\\styles.css"}
{"op":"copied","src":"C:\\Users\\soren\\google-drive-mcp\\docs\\RewriteLabs_Backup\\2026_04_24_17_47_57\\RewriteLabs\\PORTAL\\CHANGELOG.md","dest":"C:\\Users\\soren\\docs\\assets\\examples\\RewriteLabs_Backup\\2026_04_24_17_47_57\\RewriteLabs\\PORTAL\\CHANGELOG.md","srcHash":"fde8813cc4efa44a06e6eaed2941fd8764f73254"}
{"op":"archived-original","src":"C:\\Users\\soren\\google-drive-mcp\\docs\\RewriteLabs_Backup\\2026_04_24_17_47_57\\RewriteLabs\\PORTAL\\CHANGELOG.md","archive":"C:\\Users\\soren\\archive\\docs-legacy-2026-05-04T03-06-29-830Z\\orig\\RewriteLabs_Backup\\2026_04_24_17_47_57\\RewriteLabs\\PORTAL\\CHANGELOG.md"}
{"op":"copied","src":"C:\\Users\\soren\\google-drive-mcp\\docs\\RewriteLabs_Backup\\2026_04_24_17_47_57\\RewriteLabs\\PORTAL\\Docs Portal Performance Optimization Plan.md","dest":"C:\\Users\\soren\\docs\\assets\\examples\\RewriteLabs_Backup\\2026_04_24_17_47_57\\RewriteLabs\\PORTAL\\Docs Portal Performance Optimization Plan.md","srcHash":"26a6c1941f190ac87837a3185ec5de0bec8c6faf"}
{"op":"archived-original","src":"C:\\Users\\soren\\google-drive-mcp\\docs\\RewriteLabs_Backup\\2026_04_24_17_47_57\\RewriteLabs\\PORTAL\\Docs Portal Performance Optimization Plan.md","archive":"C:\\Users\\soren\\archive\\docs-legacy-2026-05-04T03-06-29-830Z\\orig\\RewriteLabs_Backup\\2026_04_24_17_47_57\\RewriteLabs\\PORTAL\\Docs Portal Performance Optimization Plan.md"}
{"op":"copied","src":"C:\\Users\\soren\\google-drive-mcp\\docs\\RewriteLabs_Backup\\2026_04_24_17_47_57\\RewriteLabs\\PORTAL\\Docs Portal Search UI Spec.md","dest":"C:\\Users\\soren\\docs\\assets\\examples\\RewriteLabs_Backup\\2026_04_24_17_47_57\\RewriteLabs\\PORTAL\\Docs Portal Search UI Spec.md","srcHash":"34ec7aa9e53cf6321fb94727c5160fef7e8afb2b"}
{"op":"archived-original","src":"C:\\Users\\soren\\google-drive-mcp\\docs\\RewriteLabs_Backup\\2026_04_24_17_47_57\\RewriteLabs\\PORTAL\\Docs Portal Search UI Spec.md","archive":"C:\\Users\\soren\\archive\\docs-legacy-2026-05-04T03-06-29-830Z\\orig\\RewriteLabs_Backup\\2026_04_24_17_47_57\\RewriteLabs\\PORTAL\\Docs Portal Search UI Spec.md"}
{"op":"copied","src":"C:\\Users\\soren\\google-drive-mcp\\docs\\RewriteLabs_Backup\\2026_04_24_17_47_57\\RewriteLabs\\PORTAL\\search.js","dest":"C:\\Users\\soren\\docs\\assets\\examples\\RewriteLabs_Backup\\2026_04_24_17_47_57\\RewriteLabs\\PORTAL\\search.js","srcHash":"0730ac5abe56b26029233a9a5cacaca0f1ce4d09"}
{"op":"archived-original","src":"C:\\Users\\soren\\google-drive-mcp\\docs\\RewriteLabs_Backup\\2026_04_24_17_47_57\\RewriteLabs\\PORTAL\\search.js","archive":"C:\\Users\\soren\\archive\\docs-legacy-2026-05-04T03-06-29-830Z\\orig\\RewriteLabs_Backup\\2026_04_24_17_47_57\\RewriteLabs\\PORTAL\\search.js"}
{"op":"copied","src":"C:\\Users\\soren\\google-drive-mcp\\docs\\RewriteLabs_Backup\\2026_04_24_17_47_57\\RewriteLabs\\QA\\CHANGELOG.md","dest":"C:\\Users\\soren\\docs\\assets\\examples\\RewriteLabs_Backup\\2026_04_24_17_47_57\\RewriteLabs\\QA\\CHANGELOG.md","srcHash":"fde8813cc4efa44a06e6eaed2941fd8764f73254"}
{"op":"archived-original","src":"C:\\Users\\soren\\google-drive-mcp\\docs\\RewriteLabs_Backup\\2026_04_24_17_47_57\\RewriteLabs\\QA\\CHANGELOG.md","archive":"C:\\Users\\soren\\archive\\docs-legacy-2026-05-04T03-06-29-830Z\\orig\\RewriteLabs_Backup\\2026_04_24_17_47_57\\RewriteLabs\\QA\\CHANGELOG.md"}
{"op":"copied","src":"C:\\Users\\soren\\google-drive-mcp\\docs\\RewriteLabs_Backup\\2026_04_24_17_47_57\\RewriteLabs\\QA\\Docs QA Checklist.md","dest":"C:\\Users\\soren\\docs\\assets\\examples\\RewriteLabs_Backup\\2026_04_24_17_47_57\\RewriteLabs\\QA\\Docs QA Checklist.md","srcHash":"eddf349e32d04d6a27fa6d81cfa8349d659bd22e"}
{"op":"archived-original","src":"C:\\Users\\soren\\google-drive-mcp\\docs\\RewriteLabs_Backup\\2026_04_24_17_47_57\\RewriteLabs\\QA\\Docs QA Checklist.md","archive":"C:\\Users\\soren\\archive\\docs-legacy-2026-05-04T03-06-29-830Z\\orig\\RewriteLabs_Backup\\2026_04_24_17_47_57\\RewriteLabs\\QA\\Docs QA Checklist.md"}
{"op":"skip-duplicate","src":"C:\\Users\\soren\\google-drive-mcp\\docs\\RewriteLabs_Backup\\2026_04_24_17_47_57\\RewriteLabs\\README.md","dest":"C:\\Users\\soren\\docs\\README.md","srcHash":"a3fc9b959a0f77895f7de22bbda7f27a444f0b81"}
{"op":"archived-original","src":"C:\\Users\\soren\\google-drive-mcp\\docs\\RewriteLabs_Backup\\2026_04_24_17_47_57\\RewriteLabs\\README.md","archive":"C:\\Users\\soren\\archive\\docs-legacy-2026-05-04T03-06-29-830Z\\orig\\RewriteLabs_Backup\\2026_04_24_17_47_57\\RewriteLabs\\README.md"}
{"op":"copied","src":"C:\\Users\\soren\\google-drive-mcp\\docs\\RewriteLabs_Backup\\2026_04_24_17_47_57\\RewriteLabs\\RELEASE_PIPELINE.md","dest":"C:\\Users\\soren\\docs\\assets\\examples\\RewriteLabs_Backup\\2026_04_24_17_47_57\\RewriteLabs\\RELEASE_PIPELINE.md","srcHash":"557ad0f6f36fac1f1d4574e96afb58e345e5b3e4"}
{"op":"archived-original","src":"C:\\Users\\soren\\google-drive-mcp\\docs\\RewriteLabs_Backup\\2026_04_24_17_47_57\\RewriteLabs\\RELEASE_PIPELINE.md","archive":"C:\\Users\\soren\\archive\\docs-legacy-2026-05-04T03-06-29-830Z\\orig\\RewriteLabs_Backup\\2026_04_24_17_47_57\\RewriteLabs\\RELEASE_PIPELINE.md"}
{"op":"copied","src":"C:\\Users\\soren\\google-drive-mcp\\docs\\RewriteLabs_Backup\\2026_04_24_17_47_57\\RewriteLabs\\Roadmaps\\CHANGELOG.md","dest":"C:\\Users\\soren\\docs\\assets\\examples\\RewriteLabs_Backup\\2026_04_24_17_47_57\\RewriteLabs\\Roadmaps\\CHANGELOG.md","srcHash":"38806254b3488652da142e31136ac5fa6b8a6b41"}
{"op":"archived-original","src":"C:\\Users\\soren\\google-drive-mcp\\docs\\RewriteLabs_Backup\\2026_04_24_17_47_57\\RewriteLabs\\Roadmaps\\CHANGELOG.md","archive":"C:\\Users\\soren\\archive\\docs-legacy-2026-05-04T03-06-29-830Z\\orig\\RewriteLabs_Backup\\2026_04_24_17_47_57\\RewriteLabs\\Roadmaps\\CHANGELOG.md"}
{"op":"copied","src":"C:\\Users\\soren\\google-drive-mcp\\docs\\RewriteLabs_Backup\\2026_04_24_17_47_57\\RewriteLabs\\Roadmaps\\Docs Automation Roadmap.md","dest":"C:\\Users\\soren\\docs\\assets\\examples\\RewriteLabs_Backup\\2026_04_24_17_47_57\\RewriteLabs\\Roadmaps\\Docs Automation Roadmap.md","srcHash":"b86ad067872ed629d5102979b473b252c1dc82ff"}
{"op":"archived-original","src":"C:\\Users\\soren\\google-drive-mcp\\docs\\RewriteLabs_Backup\\2026_04_24_17_47_57\\RewriteLabs\\Roadmaps\\Docs Automation Roadmap.md","archive":"C:\\Users\\soren\\archive\\docs-legacy-2026-05-04T03-06-29-830Z\\orig\\RewriteLabs_Backup\\2026_04_24_17_47_57\\RewriteLabs\\Roadmaps\\Docs Automation Roadmap.md"}
{"op":"skip-ext","file":"C:\\Users\\soren\\google-drive-mcp\\docs\\RewriteLabs_Backup\\2026_04_24_17_47_57\\RewriteLabs\\Roadmaps\\Rewrite Labs - Master Roadmap (Updated with Outreach Automation Track).txt"}
{"op":"copied","src":"C:\\Users\\soren\\google-drive-mcp\\docs\\RewriteLabs_Backup\\2026_04_24_17_47_57\\RewriteLabs\\Roadmaps\\RewriteLabs_Master_Roadmap.md","dest":"C:\\Users\\soren\\docs\\assets\\examples\\RewriteLabs_Backup\\2026_04_24_17_47_57\\RewriteLabs\\Roadmaps\\RewriteLabs_Master_Roadmap.md","srcHash":"9566209cc7fc765a383787202c84b48addbe0dbd"}
{"op":"archived-original","src":"C:\\Users\\soren\\google-drive-mcp\\docs\\RewriteLabs_Backup\\2026_04_24_17_47_57\\RewriteLabs\\Roadmaps\\RewriteLabs_Master_Roadmap.md","archive":"C:\\Users\\soren\\archive\\docs-legacy-2026-05-04T03-06-29-830Z\\orig\\RewriteLabs_Backup\\2026_04_24_17_47_57\\RewriteLabs\\Roadmaps\\RewriteLabs_Master_Roadmap.md"}
{"op":"skip-duplicate","src":"C:\\Users\\soren\\google-drive-mcp\\docs\\RewriteLabs_Backup\\2026_04_24_17_47_57\\RewriteLabs\\Roadmaps\\ROADMAP.md","dest":"C:\\Users\\soren\\docs\\project-brain\\ROADMAP.md","srcHash":"b98fb232a91ef51e46a334ff944a71b7b95c4477"}
{"op":"archived-original","src":"C:\\Users\\soren\\google-drive-mcp\\docs\\RewriteLabs_Backup\\2026_04_24_17_47_57\\RewriteLabs\\Roadmaps\\ROADMAP.md","archive":"C:\\Users\\soren\\archive\\docs-legacy-2026-05-04T03-06-29-830Z\\orig\\RewriteLabs_Backup\\2026_04_24_17_47_57\\RewriteLabs\\Roadmaps\\ROADMAP.md"}
{"op":"copied","src":"C:\\Users\\soren\\google-drive-mcp\\docs\\RewriteLabs_Backup\\2026_04_24_17_47_57\\RewriteLabs\\SEARCH\\CHANGELOG.md","dest":"C:\\Users\\soren\\docs\\assets\\examples\\RewriteLabs_Backup\\2026_04_24_17_47_57\\RewriteLabs\\SEARCH\\CHANGELOG.md","srcHash":"fde8813cc4efa44a06e6eaed2941fd8764f73254"}
{"op":"archived-original","src":"C:\\Users\\soren\\google-drive-mcp\\docs\\RewriteLabs_Backup\\2026_04_24_17_47_57\\RewriteLabs\\SEARCH\\CHANGELOG.md","archive":"C:\\Users\\soren\\archive\\docs-legacy-2026-05-04T03-06-29-830Z\\orig\\RewriteLabs_Backup\\2026_04_24_17_47_57\\RewriteLabs\\SEARCH\\CHANGELOG.md"}
{"op":"copied","src":"C:\\Users\\soren\\google-drive-mcp\\docs\\RewriteLabs_Backup\\2026_04_24_17_47_57\\RewriteLabs\\search-index.json","dest":"C:\\Users\\soren\\docs\\assets\\examples\\RewriteLabs_Backup\\2026_04_24_17_47_57\\RewriteLabs\\search-index.json","srcHash":"9f317212251010e9eff50a7426dcf559d01ffa13"}
{"op":"archived-original","src":"C:\\Users\\soren\\google-drive-mcp\\docs\\RewriteLabs_Backup\\2026_04_24_17_47_57\\RewriteLabs\\search-index.json","archive":"C:\\Users\\soren\\archive\\docs-legacy-2026-05-04T03-06-29-830Z\\orig\\RewriteLabs_Backup\\2026_04_24_17_47_57\\RewriteLabs\\search-index.json"}
{"op":"copied","src":"C:\\Users\\soren\\google-drive-mcp\\docs\\RewriteLabs_Backup\\2026_04_24_17_47_57\\RewriteLabs\\SITEMAP.md","dest":"C:\\Users\\soren\\docs\\assets\\examples\\RewriteLabs_Backup\\2026_04_24_17_47_57\\RewriteLabs\\SITEMAP.md","srcHash":"4c12c016112e59592c042f7fa39c983c58bfc714"}
{"op":"archived-original","src":"C:\\Users\\soren\\google-drive-mcp\\docs\\RewriteLabs_Backup\\2026_04_24_17_47_57\\RewriteLabs\\SITEMAP.md","archive":"C:\\Users\\soren\\archive\\docs-legacy-2026-05-04T03-06-29-830Z\\orig\\RewriteLabs_Backup\\2026_04_24_17_47_57\\RewriteLabs\\SITEMAP.md"}
{"op":"copied","src":"C:\\Users\\soren\\google-drive-mcp\\docs\\RewriteLabs_Backup\\2026_04_24_17_47_57\\RewriteLabs\\UI\\CHANGELOG.md","dest":"C:\\Users\\soren\\docs\\assets\\examples\\RewriteLabs_Backup\\2026_04_24_17_47_57\\RewriteLabs\\UI\\CHANGELOG.md","srcHash":"fde8813cc4efa44a06e6eaed2941fd8764f73254"}
{"op":"archived-original","src":"C:\\Users\\soren\\google-drive-mcp\\docs\\RewriteLabs_Backup\\2026_04_24_17_47_57\\RewriteLabs\\UI\\CHANGELOG.md","archive":"C:\\Users\\soren\\archive\\docs-legacy-2026-05-04T03-06-29-830Z\\orig\\RewriteLabs_Backup\\2026_04_24_17_47_57\\RewriteLabs\\UI\\CHANGELOG.md"}
{"op":"copied","src":"C:\\Users\\soren\\google-drive-mcp\\docs\\RewriteLabs_Backup\\2026_04_24_17_47_57\\RewriteLabs\\UI\\Docs Automation Roadmap.md","dest":"C:\\Users\\soren\\docs\\assets\\examples\\RewriteLabs_Backup\\2026_04_24_17_47_57\\RewriteLabs\\UI\\Docs Automation Roadmap.md","srcHash":"e24927e4f8edf308d77463225f509acc3e7162f4"}
{"op":"archived-original","src":"C:\\Users\\soren\\google-drive-mcp\\docs\\RewriteLabs_Backup\\2026_04_24_17_47_57\\RewriteLabs\\UI\\Docs Automation Roadmap.md","archive":"C:\\Users\\soren\\archive\\docs-legacy-2026-05-04T03-06-29-830Z\\orig\\RewriteLabs_Backup\\2026_04_24_17_47_57\\RewriteLabs\\UI\\Docs Automation Roadmap.md"}
{"op":"copied","src":"C:\\Users\\soren\\google-drive-mcp\\docs\\RewriteLabs_Backup\\2026_04_24_17_47_57\\RewriteLabs\\UI\\Docs Dashboard Spec.md","dest":"C:\\Users\\soren\\docs\\assets\\examples\\RewriteLabs_Backup\\2026_04_24_17_47_57\\RewriteLabs\\UI\\Docs Dashboard Spec.md","srcHash":"437c0cd0cd01a94c566eade64fccfce74186ccc2"}
{"op":"archived-original","src":"C:\\Users\\soren\\google-drive-mcp\\docs\\RewriteLabs_Backup\\2026_04_24_17_47_57\\RewriteLabs\\UI\\Docs Dashboard Spec.md","archive":"C:\\Users\\soren\\archive\\docs-legacy-2026-05-04T03-06-29-830Z\\orig\\RewriteLabs_Backup\\2026_04_24_17_47_57\\RewriteLabs\\UI\\Docs Dashboard Spec.md"}
{"op":"skip-ext","file":"C:\\Users\\soren\\google-drive-mcp\\docs\\RewriteLabs_Backup\\2026_04_24_17_47_57\\RewriteLabs\\UI\\Operator Console Mock UI.txt"}
{"op":"copied","src":"C:\\Users\\soren\\google-drive-mcp\\docs\\RewriteLabs_Backup\\2026_04_24_17_47_57\\RewriteLabs\\version-manifest.json","dest":"C:\\Users\\soren\\docs\\assets\\examples\\RewriteLabs_Backup\\2026_04_24_17_47_57\\RewriteLabs\\version-manifest.json","srcHash":"b55683960e1c78dca02143c272f763074172ca36"}
{"op":"archived-original","src":"C:\\Users\\soren\\google-drive-mcp\\docs\\RewriteLabs_Backup\\2026_04_24_17_47_57\\RewriteLabs\\version-manifest.json","archive":"C:\\Users\\soren\\archive\\docs-legacy-2026-05-04T03-06-29-830Z\\orig\\RewriteLabs_Backup\\2026_04_24_17_47_57\\RewriteLabs\\version-manifest.json"}
{"op":"copied","src":"C:\\Users\\soren\\google-drive-mcp\\docs\\RewriteLabs_Backup\\2026_04_24_17_47_57\\RewriteLabs\\VERSIONING.md","dest":"C:\\Users\\soren\\docs\\assets\\examples\\RewriteLabs_Backup\\2026_04_24_17_47_57\\RewriteLabs\\VERSIONING.md","srcHash":"cac03bd0a38ffb3631372bb62eec9245e93f5bac"}
{"op":"archived-original","src":"C:\\Users\\soren\\google-drive-mcp\\docs\\RewriteLabs_Backup\\2026_04_24_17_47_57\\RewriteLabs\\VERSIONING.md","archive":"C:\\Users\\soren\\archive\\docs-legacy-2026-05-04T03-06-29-830Z\\orig\\RewriteLabs_Backup\\2026_04_24_17_47_57\\RewriteLabs\\VERSIONING.md"}
{"op":"copied","src":"C:\\Users\\soren\\google-drive-mcp\\docs\\RewriteLabs_Backup\\2026_04_24_17_50_14\\RewriteLabs\\AI\\CHANGELOG.md","dest":"C:\\Users\\soren\\docs\\assets\\examples\\RewriteLabs_Backup\\2026_04_24_17_50_14\\RewriteLabs\\AI\\CHANGELOG.md","srcHash":"a218d8384f033ba2743be37b70f68eaed7b99250"}
{"op":"archived-original","src":"C:\\Users\\soren\\google-drive-mcp\\docs\\RewriteLabs_Backup\\2026_04_24_17_50_14\\RewriteLabs\\AI\\CHANGELOG.md","archive":"C:\\Users\\soren\\archive\\docs-legacy-2026-05-04T03-06-29-830Z\\orig\\RewriteLabs_Backup\\2026_04_24_17_50_14\\RewriteLabs\\AI\\CHANGELOG.md"}
{"op":"copied","src":"C:\\Users\\soren\\google-drive-mcp\\docs\\RewriteLabs_Backup\\2026_04_24_17_50_14\\RewriteLabs\\AI\\Docs AI Integration.md","dest":"C:\\Users\\soren\\docs\\assets\\examples\\RewriteLabs_Backup\\2026_04_24_17_50_14\\RewriteLabs\\AI\\Docs AI Integration.md","srcHash":"78c9fd4ad817a811c0159604c5023a3c0b6331ce"}
{"op":"archived-original","src":"C:\\Users\\soren\\google-drive-mcp\\docs\\RewriteLabs_Backup\\2026_04_24_17_50_14\\RewriteLabs\\AI\\Docs AI Integration.md","archive":"C:\\Users\\soren\\archive\\docs-legacy-2026-05-04T03-06-29-830Z\\orig\\RewriteLabs_Backup\\2026_04_24_17_50_14\\RewriteLabs\\AI\\Docs AI Integration.md"}
{"op":"copied","src":"C:\\Users\\soren\\google-drive-mcp\\docs\\RewriteLabs_Backup\\2026_04_24_17_50_14\\RewriteLabs\\API\\CHANGELOG.md","dest":"C:\\Users\\soren\\docs\\assets\\examples\\RewriteLabs_Backup\\2026_04_24_17_50_14\\RewriteLabs\\API\\CHANGELOG.md","srcHash":"a218d8384f033ba2743be37b70f68eaed7b99250"}
{"op":"archived-original","src":"C:\\Users\\soren\\google-drive-mcp\\docs\\RewriteLabs_Backup\\2026_04_24_17_50_14\\RewriteLabs\\API\\CHANGELOG.md","archive":"C:\\Users\\soren\\archive\\docs-legacy-2026-05-04T03-06-29-830Z\\orig\\RewriteLabs_Backup\\2026_04_24_17_50_14\\RewriteLabs\\API\\CHANGELOG.md"}
{"op":"copied","src":"C:\\Users\\soren\\google-drive-mcp\\docs\\RewriteLabs_Backup\\2026_04_24_17_50_14\\RewriteLabs\\API\\Docs API Specification.md","dest":"C:\\Users\\soren\\docs\\assets\\examples\\RewriteLabs_Backup\\2026_04_24_17_50_14\\RewriteLabs\\API\\Docs API Specification.md","srcHash":"2a3d0deb23897ac15c09da0f24ed467894b20c88"}
{"op":"archived-original","src":"C:\\Users\\soren\\google-drive-mcp\\docs\\RewriteLabs_Backup\\2026_04_24_17_50_14\\RewriteLabs\\API\\Docs API Specification.md","archive":"C:\\Users\\soren\\archive\\docs-legacy-2026-05-04T03-06-29-830Z\\orig\\RewriteLabs_Backup\\2026_04_24_17_50_14\\RewriteLabs\\API\\Docs API Specification.md"}
{"op":"copied","src":"C:\\Users\\soren\\google-drive-mcp\\docs\\RewriteLabs_Backup\\2026_04_24_17_50_14\\RewriteLabs\\ARCHITECTURE\\CHANGELOG.md","dest":"C:\\Users\\soren\\docs\\assets\\examples\\RewriteLabs_Backup\\2026_04_24_17_50_14\\RewriteLabs\\ARCHITECTURE\\CHANGELOG.md","srcHash":"a218d8384f033ba2743be37b70f68eaed7b99250"}
{"op":"archived-original","src":"C:\\Users\\soren\\google-drive-mcp\\docs\\RewriteLabs_Backup\\2026_04_24_17_50_14\\RewriteLabs\\ARCHITECTURE\\CHANGELOG.md","archive":"C:\\Users\\soren\\archive\\docs-legacy-2026-05-04T03-06-29-830Z\\orig\\RewriteLabs_Backup\\2026_04_24_17_50_14\\RewriteLabs\\ARCHITECTURE\\CHANGELOG.md"}
{"op":"copied","src":"C:\\Users\\soren\\google-drive-mcp\\docs\\RewriteLabs_Backup\\2026_04_24_17_50_14\\RewriteLabs\\ARCHITECTURE\\Docs Architecture Diagram.md","dest":"C:\\Users\\soren\\docs\\assets\\examples\\RewriteLabs_Backup\\2026_04_24_17_50_14\\RewriteLabs\\ARCHITECTURE\\Docs Architecture Diagram.md","srcHash":"437c0cd0cd01a94c566eade64fccfce74186ccc2"}
{"op":"archived-original","src":"C:\\Users\\soren\\google-drive-mcp\\docs\\RewriteLabs_Backup\\2026_04_24_17_50_14\\RewriteLabs\\ARCHITECTURE\\Docs Architecture Diagram.md","archive":"C:\\Users\\soren\\archive\\docs-legacy-2026-05-04T03-06-29-830Z\\orig\\RewriteLabs_Backup\\2026_04_24_17_50_14\\RewriteLabs\\ARCHITECTURE\\Docs Architecture Diagram.md"}
{"op":"copied","src":"C:\\Users\\soren\\google-drive-mcp\\docs\\RewriteLabs_Backup\\2026_04_24_17_50_14\\RewriteLabs\\BACKUP_POLICY.md","dest":"C:\\Users\\soren\\docs\\assets\\examples\\RewriteLabs_Backup\\2026_04_24_17_50_14\\RewriteLabs\\BACKUP_POLICY.md","srcHash":"a7961b0189364b41bb7acb28e3b511ea7d0d962a"}
{"op":"archived-original","src":"C:\\Users\\soren\\google-drive-mcp\\docs\\RewriteLabs_Backup\\2026_04_24_17_50_14\\RewriteLabs\\BACKUP_POLICY.md","archive":"C:\\Users\\soren\\archive\\docs-legacy-2026-05-04T03-06-29-830Z\\orig\\RewriteLabs_Backup\\2026_04_24_17_50_14\\RewriteLabs\\BACKUP_POLICY.md"}
{"op":"copied","src":"C:\\Users\\soren\\google-drive-mcp\\docs\\RewriteLabs_Backup\\2026_04_24_17_50_14\\RewriteLabs\\DASHBOARD\\CHANGELOG.md","dest":"C:\\Users\\soren\\docs\\assets\\examples\\RewriteLabs_Backup\\2026_04_24_17_50_14\\RewriteLabs\\DASHBOARD\\CHANGELOG.md","srcHash":"a218d8384f033ba2743be37b70f68eaed7b99250"}
{"op":"archived-original","src":"C:\\Users\\soren\\google-drive-mcp\\docs\\RewriteLabs_Backup\\2026_04_24_17_50_14\\RewriteLabs\\DASHBOARD\\CHANGELOG.md","archive":"C:\\Users\\soren\\archive\\docs-legacy-2026-05-04T03-06-29-830Z\\orig\\RewriteLabs_Backup\\2026_04_24_17_50_14\\RewriteLabs\\DASHBOARD\\CHANGELOG.md"}
{"op":"copied","src":"C:\\Users\\soren\\google-drive-mcp\\docs\\RewriteLabs_Backup\\2026_04_24_17_50_14\\RewriteLabs\\Docs Home.md","dest":"C:\\Users\\soren\\docs\\assets\\examples\\RewriteLabs_Backup\\2026_04_24_17_50_14\\RewriteLabs\\Docs Home.md","srcHash":"4c7dcfe23e05d8718243a71f7c7cab95e632df1f"}
{"op":"archived-original","src":"C:\\Users\\soren\\google-drive-mcp\\docs\\RewriteLabs_Backup\\2026_04_24_17_50_14\\RewriteLabs\\Docs Home.md","archive":"C:\\Users\\soren\\archive\\docs-legacy-2026-05-04T03-06-29-830Z\\orig\\RewriteLabs_Backup\\2026_04_24_17_50_14\\RewriteLabs\\Docs Home.md"}
{"op":"copied","src":"C:\\Users\\soren\\google-drive-mcp\\docs\\RewriteLabs_Backup\\2026_04_24_17_50_14\\RewriteLabs\\Docs Metrics Dashboard Spec.md","dest":"C:\\Users\\soren\\docs\\assets\\examples\\RewriteLabs_Backup\\2026_04_24_17_50_14\\RewriteLabs\\Docs Metrics Dashboard Spec.md","srcHash":"f3c267d31697bb4870951d6123202f87e36c79d9"}
{"op":"archived-original","src":"C:\\Users\\soren\\google-drive-mcp\\docs\\RewriteLabs_Backup\\2026_04_24_17_50_14\\RewriteLabs\\Docs Metrics Dashboard Spec.md","archive":"C:\\Users\\soren\\archive\\docs-legacy-2026-05-04T03-06-29-830Z\\orig\\RewriteLabs_Backup\\2026_04_24_17_50_14\\RewriteLabs\\Docs Metrics Dashboard Spec.md"}
{"op":"copied","src":"C:\\Users\\soren\\google-drive-mcp\\docs\\RewriteLabs_Backup\\2026_04_24_17_50_14\\RewriteLabs\\Docs Search Index Generator.md","dest":"C:\\Users\\soren\\docs\\assets\\examples\\RewriteLabs_Backup\\2026_04_24_17_50_14\\RewriteLabs\\Docs Search Index Generator.md","srcHash":"79b75155772126619676ac9c5bc4a482a8734c17"}
{"op":"archived-original","src":"C:\\Users\\soren\\google-drive-mcp\\docs\\RewriteLabs_Backup\\2026_04_24_17_50_14\\RewriteLabs\\Docs Search Index Generator.md","archive":"C:\\Users\\soren\\archive\\docs-legacy-2026-05-04T03-06-29-830Z\\orig\\RewriteLabs_Backup\\2026_04_24_17_50_14\\RewriteLabs\\Docs Search Index Generator.md"}
{"op":"copied","src":"C:\\Users\\soren\\google-drive-mcp\\docs\\RewriteLabs_Backup\\2026_04_24_17_50_14\\RewriteLabs\\GOVERNANCE.md","dest":"C:\\Users\\soren\\docs\\assets\\examples\\RewriteLabs_Backup\\2026_04_24_17_50_14\\RewriteLabs\\GOVERNANCE.md","srcHash":"f5a6bec97bac37a832a743abde1422c4ca214656"}
{"op":"archived-original","src":"C:\\Users\\soren\\google-drive-mcp\\docs\\RewriteLabs_Backup\\2026_04_24_17_50_14\\RewriteLabs\\GOVERNANCE.md","archive":"C:\\Users\\soren\\archive\\docs-legacy-2026-05-04T03-06-29-830Z\\orig\\RewriteLabs_Backup\\2026_04_24_17_50_14\\RewriteLabs\\GOVERNANCE.md"}
{"op":"copied","src":"C:\\Users\\soren\\google-drive-mcp\\docs\\RewriteLabs_Backup\\2026_04_24_17_50_14\\RewriteLabs\\index.html","dest":"C:\\Users\\soren\\docs\\assets\\examples\\RewriteLabs_Backup\\2026_04_24_17_50_14\\RewriteLabs\\index.html","srcHash":"d82bf339c49703e0e7463a0fa98d1651bb7e088c"}
{"op":"archived-original","src":"C:\\Users\\soren\\google-drive-mcp\\docs\\RewriteLabs_Backup\\2026_04_24_17_50_14\\RewriteLabs\\index.html","archive":"C:\\Users\\soren\\archive\\docs-legacy-2026-05-04T03-06-29-830Z\\orig\\RewriteLabs_Backup\\2026_04_24_17_50_14\\RewriteLabs\\index.html"}
{"op":"copied","src":"C:\\Users\\soren\\google-drive-mcp\\docs\\RewriteLabs_Backup\\2026_04_24_17_50_14\\RewriteLabs\\INDEX.md","dest":"C:\\Users\\soren\\docs\\assets\\examples\\RewriteLabs_Backup\\2026_04_24_17_50_14\\RewriteLabs\\INDEX.md","srcHash":"0e44188d4e316f2dbc5914af291bb895183c3f3e"}
{"op":"archived-original","src":"C:\\Users\\soren\\google-drive-mcp\\docs\\RewriteLabs_Backup\\2026_04_24_17_50_14\\RewriteLabs\\INDEX.md","archive":"C:\\Users\\soren\\archive\\docs-legacy-2026-05-04T03-06-29-830Z\\orig\\RewriteLabs_Backup\\2026_04_24_17_50_14\\RewriteLabs\\INDEX.md"}
{"op":"copied","src":"C:\\Users\\soren\\google-drive-mcp\\docs\\RewriteLabs_Backup\\2026_04_24_17_50_14\\RewriteLabs\\ingestion-index.md","dest":"C:\\Users\\soren\\docs\\assets\\examples\\RewriteLabs_Backup\\2026_04_24_17_50_14\\RewriteLabs\\ingestion-index.md","srcHash":"db3003f10e6143b54f2695353e197b585860ce11"}
{"op":"archived-original","src":"C:\\Users\\soren\\google-drive-mcp\\docs\\RewriteLabs_Backup\\2026_04_24_17_50_14\\RewriteLabs\\ingestion-index.md","archive":"C:\\Users\\soren\\archive\\docs-legacy-2026-05-04T03-06-29-830Z\\orig\\RewriteLabs_Backup\\2026_04_24_17_50_14\\RewriteLabs\\ingestion-index.md"}
{"op":"copied","src":"C:\\Users\\soren\\google-drive-mcp\\docs\\RewriteLabs_Backup\\2026_04_24_17_50_14\\RewriteLabs\\LINTER\\CHANGELOG.md","dest":"C:\\Users\\soren\\docs\\assets\\examples\\RewriteLabs_Backup\\2026_04_24_17_50_14\\RewriteLabs\\LINTER\\CHANGELOG.md","srcHash":"a218d8384f033ba2743be37b70f68eaed7b99250"}
{"op":"archived-original","src":"C:\\Users\\soren\\google-drive-mcp\\docs\\RewriteLabs_Backup\\2026_04_24_17_50_14\\RewriteLabs\\LINTER\\CHANGELOG.md","archive":"C:\\Users\\soren\\archive\\docs-legacy-2026-05-04T03-06-29-830Z\\orig\\RewriteLabs_Backup\\2026_04_24_17_50_14\\RewriteLabs\\LINTER\\CHANGELOG.md"}
{"op":"copied","src":"C:\\Users\\soren\\google-drive-mcp\\docs\\RewriteLabs_Backup\\2026_04_24_17_50_14\\RewriteLabs\\LINTER\\Docs Linter Rules.md","dest":"C:\\Users\\soren\\docs\\assets\\examples\\RewriteLabs_Backup\\2026_04_24_17_50_14\\RewriteLabs\\LINTER\\Docs Linter Rules.md","srcHash":"650da60a4caf310742b758fb74a7b316df85f974"}
{"op":"archived-original","src":"C:\\Users\\soren\\google-drive-mcp\\docs\\RewriteLabs_Backup\\2026_04_24_17_50_14\\RewriteLabs\\LINTER\\Docs Linter Rules.md","archive":"C:\\Users\\soren\\archive\\docs-legacy-2026-05-04T03-06-29-830Z\\orig\\RewriteLabs_Backup\\2026_04_24_17_50_14\\RewriteLabs\\LINTER\\Docs Linter Rules.md"}
{"op":"copied","src":"C:\\Users\\soren\\google-drive-mcp\\docs\\RewriteLabs_Backup\\2026_04_24_17_50_14\\RewriteLabs\\Manuals\\CHANGELOG.md","dest":"C:\\Users\\soren\\docs\\assets\\examples\\RewriteLabs_Backup\\2026_04_24_17_50_14\\RewriteLabs\\Manuals\\CHANGELOG.md","srcHash":"7a6b9a20da71d92ace7bd3e88d61259c97e32362"}
{"op":"archived-original","src":"C:\\Users\\soren\\google-drive-mcp\\docs\\RewriteLabs_Backup\\2026_04_24_17_50_14\\RewriteLabs\\Manuals\\CHANGELOG.md","archive":"C:\\Users\\soren\\archive\\docs-legacy-2026-05-04T03-06-29-830Z\\orig\\RewriteLabs_Backup\\2026_04_24_17_50_14\\RewriteLabs\\Manuals\\CHANGELOG.md"}
{"op":"skip-ext","file":"C:\\Users\\soren\\google-drive-mcp\\docs\\RewriteLabs_Backup\\2026_04_24_17_50_14\\RewriteLabs\\Manuals\\Rewrite Labs - Master Instructions Manual (Updated with Outreach Automation).txt"}
{"op":"skip-ext","file":"C:\\Users\\soren\\google-drive-mcp\\docs\\RewriteLabs_Backup\\2026_04_24_17_50_14\\RewriteLabs\\mkdocs.yml"}
{"op":"copied","src":"C:\\Users\\soren\\google-drive-mcp\\docs\\RewriteLabs_Backup\\2026_04_24_17_50_14\\RewriteLabs\\OPERATOR_CONSOLE\\CHANGELOG.md","dest":"C:\\Users\\soren\\docs\\assets\\examples\\RewriteLabs_Backup\\2026_04_24_17_50_14\\RewriteLabs\\OPERATOR_CONSOLE\\CHANGELOG.md","srcHash":"a218d8384f033ba2743be37b70f68eaed7b99250"}
{"op":"archived-original","src":"C:\\Users\\soren\\google-drive-mcp\\docs\\RewriteLabs_Backup\\2026_04_24_17_50_14\\RewriteLabs\\OPERATOR_CONSOLE\\CHANGELOG.md","archive":"C:\\Users\\soren\\archive\\docs-legacy-2026-05-04T03-06-29-830Z\\orig\\RewriteLabs_Backup\\2026_04_24_17_50_14\\RewriteLabs\\OPERATOR_CONSOLE\\CHANGELOG.md"}
{"op":"copied","src":"C:\\Users\\soren\\google-drive-mcp\\docs\\RewriteLabs_Backup\\2026_04_24_17_50_14\\RewriteLabs\\OPERATOR_CONSOLE\\Docs API Wiring.md","dest":"C:\\Users\\soren\\docs\\assets\\examples\\RewriteLabs_Backup\\2026_04_24_17_50_14\\RewriteLabs\\OPERATOR_CONSOLE\\Docs API Wiring.md","srcHash":"b9d2c5b64eecd7e74e2b1976e2c1aef4460c8089"}
{"op":"archived-original","src":"C:\\Users\\soren\\google-drive-mcp\\docs\\RewriteLabs_Backup\\2026_04_24_17_50_14\\RewriteLabs\\OPERATOR_CONSOLE\\Docs API Wiring.md","archive":"C:\\Users\\soren\\archive\\docs-legacy-2026-05-04T03-06-29-830Z\\orig\\RewriteLabs_Backup\\2026_04_24_17_50_14\\RewriteLabs\\OPERATOR_CONSOLE\\Docs API Wiring.md"}
{"op":"copied","src":"C:\\Users\\soren\\google-drive-mcp\\docs\\RewriteLabs_Backup\\2026_04_24_17_50_14\\RewriteLabs\\OPERATOR_CONSOLE_INTEGRATION.md","dest":"C:\\Users\\soren\\docs\\assets\\examples\\RewriteLabs_Backup\\2026_04_24_17_50_14\\RewriteLabs\\OPERATOR_CONSOLE_INTEGRATION.md","srcHash":"714b851e2848c87ec601a182c064ab569c80715a"}
{"op":"archived-original","src":"C:\\Users\\soren\\google-drive-mcp\\docs\\RewriteLabs_Backup\\2026_04_24_17_50_14\\RewriteLabs\\OPERATOR_CONSOLE_INTEGRATION.md","archive":"C:\\Users\\soren\\archive\\docs-legacy-2026-05-04T03-06-29-830Z\\orig\\RewriteLabs_Backup\\2026_04_24_17_50_14\\RewriteLabs\\OPERATOR_CONSOLE_INTEGRATION.md"}
{"op":"copied","src":"C:\\Users\\soren\\google-drive-mcp\\docs\\RewriteLabs_Backup\\2026_04_24_17_50_14\\RewriteLabs\\Outreach\\CHANGELOG.md","dest":"C:\\Users\\soren\\docs\\assets\\examples\\RewriteLabs_Backup\\2026_04_24_17_50_14\\RewriteLabs\\Outreach\\CHANGELOG.md","srcHash":"2b52bf1b5e249e258b3ec8ac6e6e00805bd90934"}
{"op":"archived-original","src":"C:\\Users\\soren\\google-drive-mcp\\docs\\RewriteLabs_Backup\\2026_04_24_17_50_14\\RewriteLabs\\Outreach\\CHANGELOG.md","archive":"C:\\Users\\soren\\archive\\docs-legacy-2026-05-04T03-06-29-830Z\\orig\\RewriteLabs_Backup\\2026_04_24_17_50_14\\RewriteLabs\\Outreach\\CHANGELOG.md"}
{"op":"skip-ext","file":"C:\\Users\\soren\\google-drive-mcp\\docs\\RewriteLabs_Backup\\2026_04_24_17_50_14\\RewriteLabs\\Outreach\\Rewrite Labs - Outreach Automation Playbook.txt"}
{"op":"copied","src":"C:\\Users\\soren\\google-drive-mcp\\docs\\RewriteLabs_Backup\\2026_04_24_17_50_14\\RewriteLabs\\PLATFORM\\CHANGELOG.md","dest":"C:\\Users\\soren\\docs\\assets\\examples\\RewriteLabs_Backup\\2026_04_24_17_50_14\\RewriteLabs\\PLATFORM\\CHANGELOG.md","srcHash":"a218d8384f033ba2743be37b70f68eaed7b99250"}
{"op":"archived-original","src":"C:\\Users\\soren\\google-drive-mcp\\docs\\RewriteLabs_Backup\\2026_04_24_17_50_14\\RewriteLabs\\PLATFORM\\CHANGELOG.md","archive":"C:\\Users\\soren\\archive\\docs-legacy-2026-05-04T03-06-29-830Z\\orig\\RewriteLabs_Backup\\2026_04_24_17_50_14\\RewriteLabs\\PLATFORM\\CHANGELOG.md"}
{"op":"copied","src":"C:\\Users\\soren\\google-drive-mcp\\docs\\RewriteLabs_Backup\\2026_04_24_17_50_14\\RewriteLabs\\PLATFORM\\Docs Integration Plan.md","dest":"C:\\Users\\soren\\docs\\assets\\examples\\RewriteLabs_Backup\\2026_04_24_17_50_14\\RewriteLabs\\PLATFORM\\Docs Integration Plan.md","srcHash":"1edcb62c30974d3d4c669b4d156f90791211bb34"}
{"op":"archived-original","src":"C:\\Users\\soren\\google-drive-mcp\\docs\\RewriteLabs_Backup\\2026_04_24_17_50_14\\RewriteLabs\\PLATFORM\\Docs Integration Plan.md","archive":"C:\\Users\\soren\\archive\\docs-legacy-2026-05-04T03-06-29-830Z\\orig\\RewriteLabs_Backup\\2026_04_24_17_50_14\\RewriteLabs\\PLATFORM\\Docs Integration Plan.md"}
{"op":"copied","src":"C:\\Users\\soren\\google-drive-mcp\\docs\\RewriteLabs_Backup\\2026_04_24_17_50_14\\RewriteLabs\\PLATFORM\\index.html","dest":"C:\\Users\\soren\\docs\\assets\\examples\\RewriteLabs_Backup\\2026_04_24_17_50_14\\RewriteLabs\\PLATFORM\\index.html","srcHash":"af4e1295a372fb675e06355bd01197a199cd3c66"}
{"op":"archived-original","src":"C:\\Users\\soren\\google-drive-mcp\\docs\\RewriteLabs_Backup\\2026_04_24_17_50_14\\RewriteLabs\\PLATFORM\\index.html","archive":"C:\\Users\\soren\\archive\\docs-legacy-2026-05-04T03-06-29-830Z\\orig\\RewriteLabs_Backup\\2026_04_24_17_50_14\\RewriteLabs\\PLATFORM\\index.html"}
{"op":"copied","src":"C:\\Users\\soren\\google-drive-mcp\\docs\\RewriteLabs_Backup\\2026_04_24_17_50_14\\RewriteLabs\\PLATFORM\\portal.js","dest":"C:\\Users\\soren\\docs\\assets\\examples\\RewriteLabs_Backup\\2026_04_24_17_50_14\\RewriteLabs\\PLATFORM\\portal.js","srcHash":"b9d2c5b64eecd7e74e2b1976e2c1aef4460c8089"}
{"op":"archived-original","src":"C:\\Users\\soren\\google-drive-mcp\\docs\\RewriteLabs_Backup\\2026_04_24_17_50_14\\RewriteLabs\\PLATFORM\\portal.js","archive":"C:\\Users\\soren\\archive\\docs-legacy-2026-05-04T03-06-29-830Z\\orig\\RewriteLabs_Backup\\2026_04_24_17_50_14\\RewriteLabs\\PLATFORM\\portal.js"}
{"op":"skip-ext","file":"C:\\Users\\soren\\google-drive-mcp\\docs\\RewriteLabs_Backup\\2026_04_24_17_50_14\\RewriteLabs\\PLATFORM\\styles.css"}
{"op":"copied","src":"C:\\Users\\soren\\google-drive-mcp\\docs\\RewriteLabs_Backup\\2026_04_24_17_50_14\\RewriteLabs\\PORTAL\\CHANGELOG.md","dest":"C:\\Users\\soren\\docs\\assets\\examples\\RewriteLabs_Backup\\2026_04_24_17_50_14\\RewriteLabs\\PORTAL\\CHANGELOG.md","srcHash":"a218d8384f033ba2743be37b70f68eaed7b99250"}
{"op":"archived-original","src":"C:\\Users\\soren\\google-drive-mcp\\docs\\RewriteLabs_Backup\\2026_04_24_17_50_14\\RewriteLabs\\PORTAL\\CHANGELOG.md","archive":"C:\\Users\\soren\\archive\\docs-legacy-2026-05-04T03-06-29-830Z\\orig\\RewriteLabs_Backup\\2026_04_24_17_50_14\\RewriteLabs\\PORTAL\\CHANGELOG.md"}
{"op":"copied","src":"C:\\Users\\soren\\google-drive-mcp\\docs\\RewriteLabs_Backup\\2026_04_24_17_50_14\\RewriteLabs\\PORTAL\\Docs Portal Performance Optimization Plan.md","dest":"C:\\Users\\soren\\docs\\assets\\examples\\RewriteLabs_Backup\\2026_04_24_17_50_14\\RewriteLabs\\PORTAL\\Docs Portal Performance Optimization Plan.md","srcHash":"26a6c1941f190ac87837a3185ec5de0bec8c6faf"}
{"op":"archived-original","src":"C:\\Users\\soren\\google-drive-mcp\\docs\\RewriteLabs_Backup\\2026_04_24_17_50_14\\RewriteLabs\\PORTAL\\Docs Portal Performance Optimization Plan.md","archive":"C:\\Users\\soren\\archive\\docs-legacy-2026-05-04T03-06-29-830Z\\orig\\RewriteLabs_Backup\\2026_04_24_17_50_14\\RewriteLabs\\PORTAL\\Docs Portal Performance Optimization Plan.md"}
{"op":"copied","src":"C:\\Users\\soren\\google-drive-mcp\\docs\\RewriteLabs_Backup\\2026_04_24_17_50_14\\RewriteLabs\\PORTAL\\Docs Portal Search UI Spec.md","dest":"C:\\Users\\soren\\docs\\assets\\examples\\RewriteLabs_Backup\\2026_04_24_17_50_14\\RewriteLabs\\PORTAL\\Docs Portal Search UI Spec.md","srcHash":"34ec7aa9e53cf6321fb94727c5160fef7e8afb2b"}
{"op":"archived-original","src":"C:\\Users\\soren\\google-drive-mcp\\docs\\RewriteLabs_Backup\\2026_04_24_17_50_14\\RewriteLabs\\PORTAL\\Docs Portal Search UI Spec.md","archive":"C:\\Users\\soren\\archive\\docs-legacy-2026-05-04T03-06-29-830Z\\orig\\RewriteLabs_Backup\\2026_04_24_17_50_14\\RewriteLabs\\PORTAL\\Docs Portal Search UI Spec.md"}
{"op":"copied","src":"C:\\Users\\soren\\google-drive-mcp\\docs\\RewriteLabs_Backup\\2026_04_24_17_50_14\\RewriteLabs\\PORTAL\\search.js","dest":"C:\\Users\\soren\\docs\\assets\\examples\\RewriteLabs_Backup\\2026_04_24_17_50_14\\RewriteLabs\\PORTAL\\search.js","srcHash":"0730ac5abe56b26029233a9a5cacaca0f1ce4d09"}
{"op":"archived-original","src":"C:\\Users\\soren\\google-drive-mcp\\docs\\RewriteLabs_Backup\\2026_04_24_17_50_14\\RewriteLabs\\PORTAL\\search.js","archive":"C:\\Users\\soren\\archive\\docs-legacy-2026-05-04T03-06-29-830Z\\orig\\RewriteLabs_Backup\\2026_04_24_17_50_14\\RewriteLabs\\PORTAL\\search.js"}
{"op":"copied","src":"C:\\Users\\soren\\google-drive-mcp\\docs\\RewriteLabs_Backup\\2026_04_24_17_50_14\\RewriteLabs\\QA\\CHANGELOG.md","dest":"C:\\Users\\soren\\docs\\assets\\examples\\RewriteLabs_Backup\\2026_04_24_17_50_14\\RewriteLabs\\QA\\CHANGELOG.md","srcHash":"a218d8384f033ba2743be37b70f68eaed7b99250"}
{"op":"archived-original","src":"C:\\Users\\soren\\google-drive-mcp\\docs\\RewriteLabs_Backup\\2026_04_24_17_50_14\\RewriteLabs\\QA\\CHANGELOG.md","archive":"C:\\Users\\soren\\archive\\docs-legacy-2026-05-04T03-06-29-830Z\\orig\\RewriteLabs_Backup\\2026_04_24_17_50_14\\RewriteLabs\\QA\\CHANGELOG.md"}
{"op":"copied","src":"C:\\Users\\soren\\google-drive-mcp\\docs\\RewriteLabs_Backup\\2026_04_24_17_50_14\\RewriteLabs\\QA\\Docs QA Checklist.md","dest":"C:\\Users\\soren\\docs\\assets\\examples\\RewriteLabs_Backup\\2026_04_24_17_50_14\\RewriteLabs\\QA\\Docs QA Checklist.md","srcHash":"eddf349e32d04d6a27fa6d81cfa8349d659bd22e"}
{"op":"archived-original","src":"C:\\Users\\soren\\google-drive-mcp\\docs\\RewriteLabs_Backup\\2026_04_24_17_50_14\\RewriteLabs\\QA\\Docs QA Checklist.md","archive":"C:\\Users\\soren\\archive\\docs-legacy-2026-05-04T03-06-29-830Z\\orig\\RewriteLabs_Backup\\2026_04_24_17_50_14\\RewriteLabs\\QA\\Docs QA Checklist.md"}
{"op":"skip-duplicate","src":"C:\\Users\\soren\\google-drive-mcp\\docs\\RewriteLabs_Backup\\2026_04_24_17_50_14\\RewriteLabs\\README.md","dest":"C:\\Users\\soren\\docs\\README.md","srcHash":"a3fc9b959a0f77895f7de22bbda7f27a444f0b81"}
{"op":"archived-original","src":"C:\\Users\\soren\\google-drive-mcp\\docs\\RewriteLabs_Backup\\2026_04_24_17_50_14\\RewriteLabs\\README.md","archive":"C:\\Users\\soren\\archive\\docs-legacy-2026-05-04T03-06-29-830Z\\orig\\RewriteLabs_Backup\\2026_04_24_17_50_14\\RewriteLabs\\README.md"}
{"op":"copied","src":"C:\\Users\\soren\\google-drive-mcp\\docs\\RewriteLabs_Backup\\2026_04_24_17_50_14\\RewriteLabs\\RELEASE_PIPELINE.md","dest":"C:\\Users\\soren\\docs\\assets\\examples\\RewriteLabs_Backup\\2026_04_24_17_50_14\\RewriteLabs\\RELEASE_PIPELINE.md","srcHash":"557ad0f6f36fac1f1d4574e96afb58e345e5b3e4"}
{"op":"archived-original","src":"C:\\Users\\soren\\google-drive-mcp\\docs\\RewriteLabs_Backup\\2026_04_24_17_50_14\\RewriteLabs\\RELEASE_PIPELINE.md","archive":"C:\\Users\\soren\\archive\\docs-legacy-2026-05-04T03-06-29-830Z\\orig\\RewriteLabs_Backup\\2026_04_24_17_50_14\\RewriteLabs\\RELEASE_PIPELINE.md"}
{"op":"copied","src":"C:\\Users\\soren\\google-drive-mcp\\docs\\RewriteLabs_Backup\\2026_04_24_17_50_14\\RewriteLabs\\Roadmaps\\CHANGELOG.md","dest":"C:\\Users\\soren\\docs\\assets\\examples\\RewriteLabs_Backup\\2026_04_24_17_50_14\\RewriteLabs\\Roadmaps\\CHANGELOG.md","srcHash":"e4ea5c7ce460ee40f6171163caf0ef5f4be1af27"}
{"op":"archived-original","src":"C:\\Users\\soren\\google-drive-mcp\\docs\\RewriteLabs_Backup\\2026_04_24_17_50_14\\RewriteLabs\\Roadmaps\\CHANGELOG.md","archive":"C:\\Users\\soren\\archive\\docs-legacy-2026-05-04T03-06-29-830Z\\orig\\RewriteLabs_Backup\\2026_04_24_17_50_14\\RewriteLabs\\Roadmaps\\CHANGELOG.md"}
{"op":"copied","src":"C:\\Users\\soren\\google-drive-mcp\\docs\\RewriteLabs_Backup\\2026_04_24_17_50_14\\RewriteLabs\\Roadmaps\\Docs Automation Roadmap.md","dest":"C:\\Users\\soren\\docs\\assets\\examples\\RewriteLabs_Backup\\2026_04_24_17_50_14\\RewriteLabs\\Roadmaps\\Docs Automation Roadmap.md","srcHash":"b86ad067872ed629d5102979b473b252c1dc82ff"}
{"op":"archived-original","src":"C:\\Users\\soren\\google-drive-mcp\\docs\\RewriteLabs_Backup\\2026_04_24_17_50_14\\RewriteLabs\\Roadmaps\\Docs Automation Roadmap.md","archive":"C:\\Users\\soren\\archive\\docs-legacy-2026-05-04T03-06-29-830Z\\orig\\RewriteLabs_Backup\\2026_04_24_17_50_14\\RewriteLabs\\Roadmaps\\Docs Automation Roadmap.md"}
{"op":"skip-ext","file":"C:\\Users\\soren\\google-drive-mcp\\docs\\RewriteLabs_Backup\\2026_04_24_17_50_14\\RewriteLabs\\Roadmaps\\Rewrite Labs - Master Roadmap (Updated with Outreach Automation Track).txt"}
{"op":"copied","src":"C:\\Users\\soren\\google-drive-mcp\\docs\\RewriteLabs_Backup\\2026_04_24_17_50_14\\RewriteLabs\\Roadmaps\\RewriteLabs_Master_Roadmap.md","dest":"C:\\Users\\soren\\docs\\assets\\examples\\RewriteLabs_Backup\\2026_04_24_17_50_14\\RewriteLabs\\Roadmaps\\RewriteLabs_Master_Roadmap.md","srcHash":"9566209cc7fc765a383787202c84b48addbe0dbd"}
{"op":"archived-original","src":"C:\\Users\\soren\\google-drive-mcp\\docs\\RewriteLabs_Backup\\2026_04_24_17_50_14\\RewriteLabs\\Roadmaps\\RewriteLabs_Master_Roadmap.md","archive":"C:\\Users\\soren\\archive\\docs-legacy-2026-05-04T03-06-29-830Z\\orig\\RewriteLabs_Backup\\2026_04_24_17_50_14\\RewriteLabs\\Roadmaps\\RewriteLabs_Master_Roadmap.md"}
{"op":"skip-duplicate","src":"C:\\Users\\soren\\google-drive-mcp\\docs\\RewriteLabs_Backup\\2026_04_24_17_50_14\\RewriteLabs\\Roadmaps\\ROADMAP.md","dest":"C:\\Users\\soren\\docs\\project-brain\\ROADMAP.md","srcHash":"b98fb232a91ef51e46a334ff944a71b7b95c4477"}
{"op":"archived-original","src":"C:\\Users\\soren\\google-drive-mcp\\docs\\RewriteLabs_Backup\\2026_04_24_17_50_14\\RewriteLabs\\Roadmaps\\ROADMAP.md","archive":"C:\\Users\\soren\\archive\\docs-legacy-2026-05-04T03-06-29-830Z\\orig\\RewriteLabs_Backup\\2026_04_24_17_50_14\\RewriteLabs\\Roadmaps\\ROADMAP.md"}
{"op":"copied","src":"C:\\Users\\soren\\google-drive-mcp\\docs\\RewriteLabs_Backup\\2026_04_24_17_50_14\\RewriteLabs\\SEARCH\\CHANGELOG.md","dest":"C:\\Users\\soren\\docs\\assets\\examples\\RewriteLabs_Backup\\2026_04_24_17_50_14\\RewriteLabs\\SEARCH\\CHANGELOG.md","srcHash":"a218d8384f033ba2743be37b70f68eaed7b99250"}
{"op":"archived-original","src":"C:\\Users\\soren\\google-drive-mcp\\docs\\RewriteLabs_Backup\\2026_04_24_17_50_14\\RewriteLabs\\SEARCH\\CHANGELOG.md","archive":"C:\\Users\\soren\\archive\\docs-legacy-2026-05-04T03-06-29-830Z\\orig\\RewriteLabs_Backup\\2026_04_24_17_50_14\\RewriteLabs\\SEARCH\\CHANGELOG.md"}
{"op":"copied","src":"C:\\Users\\soren\\google-drive-mcp\\docs\\RewriteLabs_Backup\\2026_04_24_17_50_14\\RewriteLabs\\search-index.json","dest":"C:\\Users\\soren\\docs\\assets\\examples\\RewriteLabs_Backup\\2026_04_24_17_50_14\\RewriteLabs\\search-index.json","srcHash":"72da7ae9bfe972f8782c514c938f38444624dd12"}
{"op":"archived-original","src":"C:\\Users\\soren\\google-drive-mcp\\docs\\RewriteLabs_Backup\\2026_04_24_17_50_14\\RewriteLabs\\search-index.json","archive":"C:\\Users\\soren\\archive\\docs-legacy-2026-05-04T03-06-29-830Z\\orig\\RewriteLabs_Backup\\2026_04_24_17_50_14\\RewriteLabs\\search-index.json"}
{"op":"copied","src":"C:\\Users\\soren\\google-drive-mcp\\docs\\RewriteLabs_Backup\\2026_04_24_17_50_14\\RewriteLabs\\SITEMAP.md","dest":"C:\\Users\\soren\\docs\\assets\\examples\\RewriteLabs_Backup\\2026_04_24_17_50_14\\RewriteLabs\\SITEMAP.md","srcHash":"79b7beb9a83a009e99497822542769fe42596f9c"}
{"op":"archived-original","src":"C:\\Users\\soren\\google-drive-mcp\\docs\\RewriteLabs_Backup\\2026_04_24_17_50_14\\RewriteLabs\\SITEMAP.md","archive":"C:\\Users\\soren\\archive\\docs-legacy-2026-05-04T03-06-29-830Z\\orig\\RewriteLabs_Backup\\2026_04_24_17_50_14\\RewriteLabs\\SITEMAP.md"}
{"op":"copied","src":"C:\\Users\\soren\\google-drive-mcp\\docs\\RewriteLabs_Backup\\2026_04_24_17_50_14\\RewriteLabs\\UI\\CHANGELOG.md","dest":"C:\\Users\\soren\\docs\\assets\\examples\\RewriteLabs_Backup\\2026_04_24_17_50_14\\RewriteLabs\\UI\\CHANGELOG.md","srcHash":"a218d8384f033ba2743be37b70f68eaed7b99250"}
{"op":"archived-original","src":"C:\\Users\\soren\\google-drive-mcp\\docs\\RewriteLabs_Backup\\2026_04_24_17_50_14\\RewriteLabs\\UI\\CHANGELOG.md","archive":"C:\\Users\\soren\\archive\\docs-legacy-2026-05-04T03-06-29-830Z\\orig\\RewriteLabs_Backup\\2026_04_24_17_50_14\\RewriteLabs\\UI\\CHANGELOG.md"}
{"op":"copied","src":"C:\\Users\\soren\\google-drive-mcp\\docs\\RewriteLabs_Backup\\2026_04_24_17_50_14\\RewriteLabs\\UI\\Docs Automation Roadmap.md","dest":"C:\\Users\\soren\\docs\\assets\\examples\\RewriteLabs_Backup\\2026_04_24_17_50_14\\RewriteLabs\\UI\\Docs Automation Roadmap.md","srcHash":"e24927e4f8edf308d77463225f509acc3e7162f4"}
{"op":"archived-original","src":"C:\\Users\\soren\\google-drive-mcp\\docs\\RewriteLabs_Backup\\2026_04_24_17_50_14\\RewriteLabs\\UI\\Docs Automation Roadmap.md","archive":"C:\\Users\\soren\\archive\\docs-legacy-2026-05-04T03-06-29-830Z\\orig\\RewriteLabs_Backup\\2026_04_24_17_50_14\\RewriteLabs\\UI\\Docs Automation Roadmap.md"}
{"op":"copied","src":"C:\\Users\\soren\\google-drive-mcp\\docs\\RewriteLabs_Backup\\2026_04_24_17_50_14\\RewriteLabs\\UI\\Docs Dashboard Spec.md","dest":"C:\\Users\\soren\\docs\\assets\\examples\\RewriteLabs_Backup\\2026_04_24_17_50_14\\RewriteLabs\\UI\\Docs Dashboard Spec.md","srcHash":"437c0cd0cd01a94c566eade64fccfce74186ccc2"}
{"op":"archived-original","src":"C:\\Users\\soren\\google-drive-mcp\\docs\\RewriteLabs_Backup\\2026_04_24_17_50_14\\RewriteLabs\\UI\\Docs Dashboard Spec.md","archive":"C:\\Users\\soren\\archive\\docs-legacy-2026-05-04T03-06-29-830Z\\orig\\RewriteLabs_Backup\\2026_04_24_17_50_14\\RewriteLabs\\UI\\Docs Dashboard Spec.md"}
{"op":"skip-ext","file":"C:\\Users\\soren\\google-drive-mcp\\docs\\RewriteLabs_Backup\\2026_04_24_17_50_14\\RewriteLabs\\UI\\Operator Console Mock UI.txt"}
{"op":"copied","src":"C:\\Users\\soren\\google-drive-mcp\\docs\\RewriteLabs_Backup\\2026_04_24_17_50_14\\RewriteLabs\\version-manifest.json","dest":"C:\\Users\\soren\\docs\\assets\\examples\\RewriteLabs_Backup\\2026_04_24_17_50_14\\RewriteLabs\\version-manifest.json","srcHash":"c77a6822dfed3c0166e7e0bf39488380d0e5ff38"}
{"op":"archived-original","src":"C:\\Users\\soren\\google-drive-mcp\\docs\\RewriteLabs_Backup\\2026_04_24_17_50_14\\RewriteLabs\\version-manifest.json","archive":"C:\\Users\\soren\\archive\\docs-legacy-2026-05-04T03-06-29-830Z\\orig\\RewriteLabs_Backup\\2026_04_24_17_50_14\\RewriteLabs\\version-manifest.json"}
{"op":"copied","src":"C:\\Users\\soren\\google-drive-mcp\\docs\\RewriteLabs_Backup\\2026_04_24_17_50_14\\RewriteLabs\\VERSIONING.md","dest":"C:\\Users\\soren\\docs\\assets\\examples\\RewriteLabs_Backup\\2026_04_24_17_50_14\\RewriteLabs\\VERSIONING.md","srcHash":"cac03bd0a38ffb3631372bb62eec9245e93f5bac"}
{"op":"archived-original","src":"C:\\Users\\soren\\google-drive-mcp\\docs\\RewriteLabs_Backup\\2026_04_24_17_50_14\\RewriteLabs\\VERSIONING.md","archive":"C:\\Users\\soren\\archive\\docs-legacy-2026-05-04T03-06-29-830Z\\orig\\RewriteLabs_Backup\\2026_04_24_17_50_14\\RewriteLabs\\VERSIONING.md"}
{"op":"archived-existing-dest","dest":"C:\\Users\\soren\\docs\\project-brain\\ROADMAP.md","archive":"C:\\Users\\soren\\archive\\docs-legacy-2026-05-04T03-06-29-830Z\\conflicts\\project-brain\\ROADMAP.md-existing-b98fb232.md","destHash":"b98fb232a91ef51e46a334ff944a71b7b95c4477"}
{"op":"overwrote-dest-with-canonical","src":"C:\\Users\\soren\\google-drive-mcp\\docs\\ROADMAP.md","dest":"C:\\Users\\soren\\docs\\project-brain\\ROADMAP.md","srcHash":"fc3ff73c96f8f1bdaa7fb039d83dbd65409b1656"}
{"op":"moved-canonical-source-to-archive-provenance","src":"C:\\Users\\soren\\google-drive-mcp\\docs\\ROADMAP.md","archive":"C:\\Users\\soren\\archive\\docs-legacy-2026-05-04T03-06-29-830Z\\conflicts\\ROADMAP.md-fc3ff73c"}
{"op":"copied","src":"C:\\Users\\soren\\google-drive-mcp\\docs\\ROADMAP_EXTENDED.md","dest":"C:\\Users\\soren\\docs\\project-brain\\ROADMAP_EXTENDED.md","srcHash":"4ce6a62d3517ececd86112530f528ba506034f36"}
{"op":"archived-original","src":"C:\\Users\\soren\\google-drive-mcp\\docs\\ROADMAP_EXTENDED.md","archive":"C:\\Users\\soren\\archive\\docs-legacy-2026-05-04T03-06-29-830Z\\orig\\ROADMAP_EXTENDED.md"}
{"op":"copied","src":"C:\\Users\\soren\\google-drive-mcp\\docs\\SECURITY.md","dest":"C:\\Users\\soren\\docs\\SECURITY.md","srcHash":"47e657375c03b56641421d42f01134d9c9b873cc"}
{"op":"archived-original","src":"C:\\Users\\soren\\google-drive-mcp\\docs\\SECURITY.md","archive":"C:\\Users\\soren\\archive\\docs-legacy-2026-05-04T03-06-29-830Z\\orig\\SECURITY.md"}
{"op":"copied","src":"C:\\Users\\soren\\google-drive-mcp\\docs\\STYLE_GUIDE.md","dest":"C:\\Users\\soren\\docs\\assets\\examples\\STYLE_GUIDE.md","srcHash":"4d416bc431c49c2622b410249c091c9d9439bd80"}
{"op":"archived-original","src":"C:\\Users\\soren\\google-drive-mcp\\docs\\STYLE_GUIDE.md","archive":"C:\\Users\\soren\\archive\\docs-legacy-2026-05-04T03-06-29-830Z\\orig\\STYLE_GUIDE.md"}
{"op":"copied","src":"C:\\Users\\soren\\google-drive-mcp\\docs\\SUPPORT.md","dest":"C:\\Users\\soren\\docs\\assets\\examples\\SUPPORT.md","srcHash":"2e83397185024f2e78559de9e7f24b45fd53887a"}
{"op":"archived-original","src":"C:\\Users\\soren\\google-drive-mcp\\docs\\SUPPORT.md","archive":"C:\\Users\\soren\\archive\\docs-legacy-2026-05-04T03-06-29-830Z\\orig\\SUPPORT.md"}
{"op":"copied","src":"C:\\Users\\soren\\google-drive-mcp\\docs\\TESTING.md","dest":"C:\\Users\\soren\\docs\\assets\\examples\\TESTING.md","srcHash":"42320a18156b19f28f5847fc8f10dc6a88a1efb8"}
{"op":"archived-original","src":"C:\\Users\\soren\\google-drive-mcp\\docs\\TESTING.md","archive":"C:\\Users\\soren\\archive\\docs-legacy-2026-05-04T03-06-29-830Z\\orig\\TESTING.md"}
{"op":"copied","src":"C:\\Users\\soren\\google-drive-mcp\\docs\\TROUBLESHOOTING.md","dest":"C:\\Users\\soren\\docs\\assets\\examples\\TROUBLESHOOTING.md","srcHash":"576c483cd88bcb1afbff249ca50a7a1fbbdba234"}
{"op":"archived-original","src":"C:\\Users\\soren\\google-drive-mcp\\docs\\TROUBLESHOOTING.md","archive":"C:\\Users\\soren\\archive\\docs-legacy-2026-05-04T03-06-29-830Z\\orig\\TROUBLESHOOTING.md"}
{"op":"skip-duplicate","src":"C:\\Users\\soren\\google-drive-mcp\\docs\\v1\\AI_MODULE_GUIDE.md","dest":"C:\\Users\\soren\\docs\\multi-agent\\AI_MODULE_GUIDE.md","srcHash":"d38bd072d41bf24702034823f78c81029b959604"}
{"op":"archived-original","src":"C:\\Users\\soren\\google-drive-mcp\\docs\\v1\\AI_MODULE_GUIDE.md","archive":"C:\\Users\\soren\\archive\\docs-legacy-2026-05-04T03-06-29-830Z\\orig\\v1\\AI_MODULE_GUIDE.md"}
{"op":"skip-duplicate","src":"C:\\Users\\soren\\google-drive-mcp\\docs\\v1\\API.md","dest":"C:\\Users\\soren\\docs\\api\\API.md","srcHash":"4462b2b4d639303e0e97a204c7633ae2bacb5e43"}
{"op":"archived-original","src":"C:\\Users\\soren\\google-drive-mcp\\docs\\v1\\API.md","archive":"C:\\Users\\soren\\archive\\docs-legacy-2026-05-04T03-06-29-830Z\\orig\\v1\\API.md"}
{"op":"skip-duplicate","src":"C:\\Users\\soren\\google-drive-mcp\\docs\\v1\\ARCHITECTURE.md","dest":"C:\\Users\\soren\\docs\\architecture\\ARCHITECTURE.md","srcHash":"6537eefdad9410fc82fa1647fcfb8b7444fc8c33"}
{"op":"archived-original","src":"C:\\Users\\soren\\google-drive-mcp\\docs\\v1\\ARCHITECTURE.md","archive":"C:\\Users\\soren\\archive\\docs-legacy-2026-05-04T03-06-29-830Z\\orig\\v1\\ARCHITECTURE.md"}
{"op":"copied","src":"C:\\Users\\soren\\google-drive-mcp\\docs\\v1\\BENCHMARKS.md","dest":"C:\\Users\\soren\\docs\\assets\\examples\\v1\\BENCHMARKS.md","srcHash":"ab3d054984604d41c89f099198e391632188535d"}
{"op":"archived-original","src":"C:\\Users\\soren\\google-drive-mcp\\docs\\v1\\BENCHMARKS.md","archive":"C:\\Users\\soren\\archive\\docs-legacy-2026-05-04T03-06-29-830Z\\orig\\v1\\BENCHMARKS.md"}
{"op":"skip-duplicate","src":"C:\\Users\\soren\\google-drive-mcp\\docs\\v1\\CHANGELOG_TEMPLATE.md","dest":"C:\\Users\\soren\\docs\\release\\CHANGELOG_TEMPLATE.md","srcHash":"514424dc6365626eb8e7a6a3d6606151e72a29b0"}
{"op":"archived-original","src":"C:\\Users\\soren\\google-drive-mcp\\docs\\v1\\CHANGELOG_TEMPLATE.md","archive":"C:\\Users\\soren\\archive\\docs-legacy-2026-05-04T03-06-29-830Z\\orig\\v1\\CHANGELOG_TEMPLATE.md"}
{"op":"copied","src":"C:\\Users\\soren\\google-drive-mcp\\docs\\v1\\CODE_OF_CONDUCT.md","dest":"C:\\Users\\soren\\docs\\assets\\examples\\v1\\CODE_OF_CONDUCT.md","srcHash":"56fcf9c6d43aa4f581b01f36e54731e56e4960a2"}
{"op":"archived-original","src":"C:\\Users\\soren\\google-drive-mcp\\docs\\v1\\CODE_OF_CONDUCT.md","archive":"C:\\Users\\soren\\archive\\docs-legacy-2026-05-04T03-06-29-830Z\\orig\\v1\\CODE_OF_CONDUCT.md"}
{"op":"copied","src":"C:\\Users\\soren\\google-drive-mcp\\docs\\v1\\CONFIG.md","dest":"C:\\Users\\soren\\docs\\assets\\examples\\v1\\CONFIG.md","srcHash":"c83a9164859435a5403cdeb655179987ba60da41"}
{"op":"archived-original","src":"C:\\Users\\soren\\google-drive-mcp\\docs\\v1\\CONFIG.md","archive":"C:\\Users\\soren\\archive\\docs-legacy-2026-05-04T03-06-29-830Z\\orig\\v1\\CONFIG.md"}
{"op":"skip-duplicate","src":"C:\\Users\\soren\\google-drive-mcp\\docs\\v1\\CONTRIBUTING.md","dest":"C:\\Users\\soren\\docs\\CONTRIBUTING.md","srcHash":"1890fee3b7d93e56a7b13420ec1e3a0e98830a7d"}
{"op":"archived-original","src":"C:\\Users\\soren\\google-drive-mcp\\docs\\v1\\CONTRIBUTING.md","archive":"C:\\Users\\soren\\archive\\docs-legacy-2026-05-04T03-06-29-830Z\\orig\\v1\\CONTRIBUTING.md"}
{"op":"copied","src":"C:\\Users\\soren\\google-drive-mcp\\docs\\v1\\CONTRIBUTOR_ROLES.md","dest":"C:\\Users\\soren\\docs\\assets\\examples\\v1\\CONTRIBUTOR_ROLES.md","srcHash":"168150fa4cb1951592d4decc6506ddf6ba136e23"}
{"op":"archived-original","src":"C:\\Users\\soren\\google-drive-mcp\\docs\\v1\\CONTRIBUTOR_ROLES.md","archive":"C:\\Users\\soren\\archive\\docs-legacy-2026-05-04T03-06-29-830Z\\orig\\v1\\CONTRIBUTOR_ROLES.md"}
{"op":"skip-duplicate","src":"C:\\Users\\soren\\google-drive-mcp\\docs\\v1\\DESIGN_DECISIONS.md","dest":"C:\\Users\\soren\\docs\\project-brain\\DESIGN_DECISIONS.md","srcHash":"863decf0bc834d682ecb0607447ae2f6a470b925"}
{"op":"archived-original","src":"C:\\Users\\soren\\google-drive-mcp\\docs\\v1\\DESIGN_DECISIONS.md","archive":"C:\\Users\\soren\\archive\\docs-legacy-2026-05-04T03-06-29-830Z\\orig\\v1\\DESIGN_DECISIONS.md"}
{"op":"copied","src":"C:\\Users\\soren\\google-drive-mcp\\docs\\v1\\DEVELOPER_GUIDE.md","dest":"C:\\Users\\soren\\docs\\assets\\examples\\v1\\DEVELOPER_GUIDE.md","srcHash":"493c6bce333f63b9350eb2cbadea8793b84fbeff"}
{"op":"archived-original","src":"C:\\Users\\soren\\google-drive-mcp\\docs\\v1\\DEVELOPER_GUIDE.md","archive":"C:\\Users\\soren\\archive\\docs-legacy-2026-05-04T03-06-29-830Z\\orig\\v1\\DEVELOPER_GUIDE.md"}
{"op":"skip-duplicate","src":"C:\\Users\\soren\\google-drive-mcp\\docs\\v1\\DOCS_INDEX.md","dest":"C:\\Users\\soren\\docs\\DOCS_INDEX.md","srcHash":"27fe5ed575047e679f8000684a548d5c684bb6c6"}
{"op":"archived-original","src":"C:\\Users\\soren\\google-drive-mcp\\docs\\v1\\DOCS_INDEX.md","archive":"C:\\Users\\soren\\archive\\docs-legacy-2026-05-04T03-06-29-830Z\\orig\\v1\\DOCS_INDEX.md"}
{"op":"copied","src":"C:\\Users\\soren\\google-drive-mcp\\docs\\v1\\FOLDER_STRUCTURE.md","dest":"C:\\Users\\soren\\docs\\assets\\examples\\v1\\FOLDER_STRUCTURE.md","srcHash":"a97fbd031841bfee37aca987586b40465b6570d5"}
{"op":"archived-original","src":"C:\\Users\\soren\\google-drive-mcp\\docs\\v1\\FOLDER_STRUCTURE.md","archive":"C:\\Users\\soren\\archive\\docs-legacy-2026-05-04T03-06-29-830Z\\orig\\v1\\FOLDER_STRUCTURE.md"}
{"op":"skip-duplicate","src":"C:\\Users\\soren\\google-drive-mcp\\docs\\v1\\GLOSSARY.md","dest":"C:\\Users\\soren\\docs\\project-brain\\GLOSSARY.md","srcHash":"692934495880b0ca3b9d92d10482d96bd735a5ea"}
{"op":"archived-original","src":"C:\\Users\\soren\\google-drive-mcp\\docs\\v1\\GLOSSARY.md","archive":"C:\\Users\\soren\\archive\\docs-legacy-2026-05-04T03-06-29-830Z\\orig\\v1\\GLOSSARY.md"}
{"op":"copied","src":"C:\\Users\\soren\\google-drive-mcp\\docs\\v1\\GOVERNANCE.md","dest":"C:\\Users\\soren\\docs\\assets\\examples\\v1\\GOVERNANCE.md","srcHash":"92039baa6b13815c58691b0b19d6fa6e9aa57871"}
{"op":"archived-original","src":"C:\\Users\\soren\\google-drive-mcp\\docs\\v1\\GOVERNANCE.md","archive":"C:\\Users\\soren\\archive\\docs-legacy-2026-05-04T03-06-29-830Z\\orig\\v1\\GOVERNANCE.md"}
{"op":"copied","src":"C:\\Users\\soren\\google-drive-mcp\\docs\\v1\\HISTORY.md","dest":"C:\\Users\\soren\\docs\\assets\\examples\\v1\\HISTORY.md","srcHash":"eee29ef9261878687ca8091303eb3162e27cd829"}
{"op":"archived-original","src":"C:\\Users\\soren\\google-drive-mcp\\docs\\v1\\HISTORY.md","archive":"C:\\Users\\soren\\archive\\docs-legacy-2026-05-04T03-06-29-830Z\\orig\\v1\\HISTORY.md"}
{"op":"skip-duplicate","src":"C:\\Users\\soren\\google-drive-mcp\\docs\\v1\\INSTALLATION.md","dest":"C:\\Users\\soren\\docs\\INSTALLATION.md","srcHash":"325f50ef12d292de9b9b622fe12c6590640cd122"}
{"op":"archived-original","src":"C:\\Users\\soren\\google-drive-mcp\\docs\\v1\\INSTALLATION.md","archive":"C:\\Users\\soren\\archive\\docs-legacy-2026-05-04T03-06-29-830Z\\orig\\v1\\INSTALLATION.md"}
{"op":"copied","src":"C:\\Users\\soren\\google-drive-mcp\\docs\\v1\\ISSUE_TEMPLATE.md","dest":"C:\\Users\\soren\\docs\\assets\\examples\\v1\\ISSUE_TEMPLATE.md","srcHash":"68ba44d8fcc9747e66ef4edcd91208408afe6a23"}
{"op":"archived-original","src":"C:\\Users\\soren\\google-drive-mcp\\docs\\v1\\ISSUE_TEMPLATE.md","archive":"C:\\Users\\soren\\archive\\docs-legacy-2026-05-04T03-06-29-830Z\\orig\\v1\\ISSUE_TEMPLATE.md"}
{"op":"skip-duplicate","src":"C:\\Users\\soren\\google-drive-mcp\\docs\\v1\\LICENSE.md","dest":"C:\\Users\\soren\\docs\\LICENSE.md","srcHash":"da6f01f9d05b27cb2822a6879ab484570f7e8568"}
{"op":"archived-original","src":"C:\\Users\\soren\\google-drive-mcp\\docs\\v1\\LICENSE.md","archive":"C:\\Users\\soren\\archive\\docs-legacy-2026-05-04T03-06-29-830Z\\orig\\v1\\LICENSE.md"}
{"op":"copied","src":"C:\\Users\\soren\\google-drive-mcp\\docs\\v1\\MCP_INTEGRATION.md","dest":"C:\\Users\\soren\\docs\\assets\\examples\\v1\\MCP_INTEGRATION.md","srcHash":"aafe2cfa39920b19b2b66ed8dfc8b1da0bb75e33"}
{"op":"archived-original","src":"C:\\Users\\soren\\google-drive-mcp\\docs\\v1\\MCP_INTEGRATION.md","archive":"C:\\Users\\soren\\archive\\docs-legacy-2026-05-04T03-06-29-830Z\\orig\\v1\\MCP_INTEGRATION.md"}
{"op":"copied","src":"C:\\Users\\soren\\google-drive-mcp\\docs\\v1\\MODULES.md","dest":"C:\\Users\\soren\\docs\\assets\\examples\\v1\\MODULES.md","srcHash":"e1f4f8aa66cefb8cbb85a20dcec54a50b01ebee0"}
{"op":"archived-original","src":"C:\\Users\\soren\\google-drive-mcp\\docs\\v1\\MODULES.md","archive":"C:\\Users\\soren\\archive\\docs-legacy-2026-05-04T03-06-29-830Z\\orig\\v1\\MODULES.md"}
{"op":"copied","src":"C:\\Users\\soren\\google-drive-mcp\\docs\\v1\\PULL_REQUEST_TEMPLATE.md","dest":"C:\\Users\\soren\\docs\\assets\\examples\\v1\\PULL_REQUEST_TEMPLATE.md","srcHash":"9edb2e2f68d18fb38be08be2f04b5e25fbc07a4d"}
{"op":"archived-original","src":"C:\\Users\\soren\\google-drive-mcp\\docs\\v1\\PULL_REQUEST_TEMPLATE.md","archive":"C:\\Users\\soren\\archive\\docs-legacy-2026-05-04T03-06-29-830Z\\orig\\v1\\PULL_REQUEST_TEMPLATE.md"}
{"op":"archived-existing-dest","dest":"C:\\Users\\soren\\docs\\README.md","archive":"C:\\Users\\soren\\archive\\docs-legacy-2026-05-04T03-06-29-830Z\\conflicts\\README.md-existing-a3fc9b95.md","destHash":"a3fc9b959a0f77895f7de22bbda7f27a444f0b81"}
{"op":"overwrote-dest-with-canonical","src":"C:\\Users\\soren\\google-drive-mcp\\docs\\v1\\README.md","dest":"C:\\Users\\soren\\docs\\README.md","srcHash":"69e22ff13e03a5c0e186da97d9d622a046b54838"}
{"op":"moved-canonical-source-to-archive-provenance","src":"C:\\Users\\soren\\google-drive-mcp\\docs\\v1\\README.md","archive":"C:\\Users\\soren\\archive\\docs-legacy-2026-05-04T03-06-29-830Z\\conflicts\\v1\\README.md-69e22ff1"}
{"op":"skip-duplicate","src":"C:\\Users\\soren\\google-drive-mcp\\docs\\v1\\RELEASE_PROCESS.md","dest":"C:\\Users\\soren\\docs\\release\\RELEASE_PROCESS.md","srcHash":"13c6446aa46678120838bc639453c0f4776c0203"}
{"op":"archived-original","src":"C:\\Users\\soren\\google-drive-mcp\\docs\\v1\\RELEASE_PROCESS.md","archive":"C:\\Users\\soren\\archive\\docs-legacy-2026-05-04T03-06-29-830Z\\orig\\v1\\RELEASE_PROCESS.md"}
{"op":"skip-duplicate","src":"C:\\Users\\soren\\google-drive-mcp\\docs\\v1\\ROADMAP.md","dest":"C:\\Users\\soren\\docs\\project-brain\\ROADMAP.md","srcHash":"fc3ff73c96f8f1bdaa7fb039d83dbd65409b1656"}
{"op":"archived-original","src":"C:\\Users\\soren\\google-drive-mcp\\docs\\v1\\ROADMAP.md","archive":"C:\\Users\\soren\\archive\\docs-legacy-2026-05-04T03-06-29-830Z\\orig\\v1\\ROADMAP.md"}
{"op":"skip-duplicate","src":"C:\\Users\\soren\\google-drive-mcp\\docs\\v1\\ROADMAP_EXTENDED.md","dest":"C:\\Users\\soren\\docs\\project-brain\\ROADMAP_EXTENDED.md","srcHash":"4ce6a62d3517ececd86112530f528ba506034f36"}
{"op":"archived-original","src":"C:\\Users\\soren\\google-drive-mcp\\docs\\v1\\ROADMAP_EXTENDED.md","archive":"C:\\Users\\soren\\archive\\docs-legacy-2026-05-04T03-06-29-830Z\\orig\\v1\\ROADMAP_EXTENDED.md"}
{"op":"skip-duplicate","src":"C:\\Users\\soren\\google-drive-mcp\\docs\\v1\\SECURITY.md","dest":"C:\\Users\\soren\\docs\\SECURITY.md","srcHash":"47e657375c03b56641421d42f01134d9c9b873cc"}
{"op":"archived-original","src":"C:\\Users\\soren\\google-drive-mcp\\docs\\v1\\SECURITY.md","archive":"C:\\Users\\soren\\archive\\docs-legacy-2026-05-04T03-06-29-830Z\\orig\\v1\\SECURITY.md"}
{"op":"copied","src":"C:\\Users\\soren\\google-drive-mcp\\docs\\v1\\STYLE_GUIDE.md","dest":"C:\\Users\\soren\\docs\\assets\\examples\\v1\\STYLE_GUIDE.md","srcHash":"4d416bc431c49c2622b410249c091c9d9439bd80"}
{"op":"archived-original","src":"C:\\Users\\soren\\google-drive-mcp\\docs\\v1\\STYLE_GUIDE.md","archive":"C:\\Users\\soren\\archive\\docs-legacy-2026-05-04T03-06-29-830Z\\orig\\v1\\STYLE_GUIDE.md"}
{"op":"copied","src":"C:\\Users\\soren\\google-drive-mcp\\docs\\v1\\SUPPORT.md","dest":"C:\\Users\\soren\\docs\\assets\\examples\\v1\\SUPPORT.md","srcHash":"2e83397185024f2e78559de9e7f24b45fd53887a"}
{"op":"archived-original","src":"C:\\Users\\soren\\google-drive-mcp\\docs\\v1\\SUPPORT.md","archive":"C:\\Users\\soren\\archive\\docs-legacy-2026-05-04T03-06-29-830Z\\orig\\v1\\SUPPORT.md"}
{"op":"copied","src":"C:\\Users\\soren\\google-drive-mcp\\docs\\v1\\TESTING.md","dest":"C:\\Users\\soren\\docs\\assets\\examples\\v1\\TESTING.md","srcHash":"42320a18156b19f28f5847fc8f10dc6a88a1efb8"}
{"op":"archived-original","src":"C:\\Users\\soren\\google-drive-mcp\\docs\\v1\\TESTING.md","archive":"C:\\Users\\soren\\archive\\docs-legacy-2026-05-04T03-06-29-830Z\\orig\\v1\\TESTING.md"}
{"op":"copied","src":"C:\\Users\\soren\\google-drive-mcp\\docs\\v1\\TROUBLESHOOTING.md","dest":"C:\\Users\\soren\\docs\\assets\\examples\\v1\\TROUBLESHOOTING.md","srcHash":"576c483cd88bcb1afbff249ca50a7a1fbbdba234"}
{"op":"archived-original","src":"C:\\Users\\soren\\google-drive-mcp\\docs\\v1\\TROUBLESHOOTING.md","archive":"C:\\Users\\soren\\archive\\docs-legacy-2026-05-04T03-06-29-830Z\\orig\\v1\\TROUBLESHOOTING.md"}
{"op":"copied","src":"C:\\Users\\soren\\google-drive-mcp\\docs\\version.json","dest":"C:\\Users\\soren\\docs\\assets\\examples\\version.json","srcHash":"3846a7357fbe43982336b3aaf12b7bf91d987740"}
{"op":"archived-original","src":"C:\\Users\\soren\\google-drive-mcp\\docs\\version.json","archive":"C:\\Users\\soren\\archive\\docs-legacy-2026-05-04T03-06-29-830Z\\orig\\version.json"}
{"op":"copied","src":"C:\\Users\\soren\\google-drive-mcp\\rewrite-mcp\\discovery\\docs\\contracts.md","dest":"C:\\Users\\soren\\docs\\ingestion\\contracts.md","srcHash":"d11d7c36b2d03bd169b18124c77c1c0c43910ca9"}
{"op":"moved-noncanonical-to-archive","src":"C:\\Users\\soren\\google-drive-mcp\\rewrite-mcp\\discovery\\docs\\contracts.md","archive":"C:\\Users\\soren\\archive\\docs-legacy-2026-05-04T03-06-29-830Z\\conflicts\\contracts.md-d11d7c36"}
{"op":"copied","src":"C:\\Users\\soren\\google-drive-mcp\\rewrite-mcp\\discovery\\docs\\queues.md","dest":"C:\\Users\\soren\\docs\\ingestion\\queues.md","srcHash":"ba017fb0a58105df0b5147e5f00041acc23d007a"}
{"op":"moved-noncanonical-to-archive","src":"C:\\Users\\soren\\google-drive-mcp\\rewrite-mcp\\discovery\\docs\\queues.md","archive":"C:\\Users\\soren\\archive\\docs-legacy-2026-05-04T03-06-29-830Z\\conflicts\\queues.md-ba017fb0"}
{"op":"copied","src":"C:\\Users\\soren\\google-drive-mcp\\rewrite-mcp\\discovery\\docs\\services.md","dest":"C:\\Users\\soren\\docs\\ingestion\\services.md","srcHash":"e937fac16b62e2145058b9098552578185d87a26"}
{"op":"moved-noncanonical-to-archive","src":"C:\\Users\\soren\\google-drive-mcp\\rewrite-mcp\\discovery\\docs\\services.md","archive":"C:\\Users\\soren\\archive\\docs-legacy-2026-05-04T03-06-29-830Z\\conflicts\\services.md-e937fac1"}
{"op":"copied","src":"C:\\Users\\soren\\google-drive-mcp\\rewrite-mcp\\engine\\operatorConsole\\docs\\v1\\ADR_001.md","dest":"C:\\Users\\soren\\docs\\operator-console\\ADR_001.md","srcHash":"da39a3ee5e6b4b0d3255bfef95601890afd80709"}
{"op":"moved-noncanonical-to-archive","src":"C:\\Users\\soren\\google-drive-mcp\\rewrite-mcp\\engine\\operatorConsole\\docs\\v1\\ADR_001.md","archive":"C:\\Users\\soren\\archive\\docs-legacy-2026-05-04T03-06-29-830Z\\conflicts\\ADR_001.md-da39a3ee"}
{"op":"copied","src":"C:\\Users\\soren\\google-drive-mcp\\rewrite-mcp\\engine\\operatorConsole\\docs\\v1\\ADR_002.md","dest":"C:\\Users\\soren\\docs\\operator-console\\ADR_002.md","srcHash":"da39a3ee5e6b4b0d3255bfef95601890afd80709"}
{"op":"moved-noncanonical-to-archive","src":"C:\\Users\\soren\\google-drive-mcp\\rewrite-mcp\\engine\\operatorConsole\\docs\\v1\\ADR_002.md","archive":"C:\\Users\\soren\\archive\\docs-legacy-2026-05-04T03-06-29-830Z\\conflicts\\ADR_002.md-da39a3ee"}
{"op":"moved-noncanonical-conflict-to-archive","src":"C:\\Users\\soren\\google-drive-mcp\\rewrite-mcp\\engine\\operatorConsole\\docs\\v1\\ARCHITECTURE.md","archive":"C:\\Users\\soren\\archive\\docs-legacy-2026-05-04T03-06-29-830Z\\conflicts\\ARCHITECTURE.md-da39a3ee","dest":"C:\\Users\\soren\\docs\\architecture\\ARCHITECTURE.md","destHash":"6537eefdad9410fc82fa1647fcfb8b7444fc8c33","srcHash":"da39a3ee5e6b4b0d3255bfef95601890afd80709"}
{"op":"copied","src":"C:\\Users\\soren\\google-drive-mcp\\rewrite-mcp\\engine\\operatorConsole\\docs\\v1\\MODULES.md","dest":"C:\\Users\\soren\\docs\\operator-console\\MODULES.md","srcHash":"da39a3ee5e6b4b0d3255bfef95601890afd80709"}
{"op":"moved-noncanonical-to-archive","src":"C:\\Users\\soren\\google-drive-mcp\\rewrite-mcp\\engine\\operatorConsole\\docs\\v1\\MODULES.md","archive":"C:\\Users\\soren\\archive\\docs-legacy-2026-05-04T03-06-29-830Z\\conflicts\\MODULES.md-da39a3ee"}
{"op":"copied","src":"C:\\Users\\soren\\google-drive-mcp\\rewrite-mcp\\engine\\operatorConsole\\docs\\v1\\OSM_ENGINE.md","dest":"C:\\Users\\soren\\docs\\operator-console\\OSM_ENGINE.md","srcHash":"da39a3ee5e6b4b0d3255bfef95601890afd80709"}
{"op":"moved-noncanonical-to-archive","src":"C:\\Users\\soren\\google-drive-mcp\\rewrite-mcp\\engine\\operatorConsole\\docs\\v1\\OSM_ENGINE.md","archive":"C:\\Users\\soren\\archive\\docs-legacy-2026-05-04T03-06-29-830Z\\conflicts\\OSM_ENGINE.md-da39a3ee"}
{"op":"moved-noncanonical-conflict-to-archive","src":"C:\\Users\\soren\\google-drive-mcp\\rewrite-mcp\\engine\\operatorConsole\\docs\\v1\\README.md","archive":"C:\\Users\\soren\\archive\\docs-legacy-2026-05-04T03-06-29-830Z\\conflicts\\README.md-da39a3ee","dest":"C:\\Users\\soren\\docs\\README.md","destHash":"69e22ff13e03a5c0e186da97d9d622a046b54838","srcHash":"da39a3ee5e6b4b0d3255bfef95601890afd80709"}
{"op":"moved-noncanonical-conflict-to-archive","src":"C:\\Users\\soren\\google-drive-mcp\\rewrite-mcp\\engine\\operatorConsole\\docs\\v1\\ROADMAP.md","archive":"C:\\Users\\soren\\archive\\docs-legacy-2026-05-04T03-06-29-830Z\\conflicts\\ROADMAP.md-da39a3ee","dest":"C:\\Users\\soren\\docs\\project-brain\\ROADMAP.md","destHash":"fc3ff73c96f8f1bdaa7fb039d83dbd65409b1656","srcHash":"da39a3ee5e6b4b0d3255bfef95601890afd80709"}
{"op":"copied","src":"C:\\Users\\soren\\google-drive-mcp\\rewrite-mcp\\engine\\operatorConsole\\docs\\v1\\SWEEPER.md","dest":"C:\\Users\\soren\\docs\\operator-console\\SWEEPER.md","srcHash":"da39a3ee5e6b4b0d3255bfef95601890afd80709"}
{"op":"moved-noncanonical-to-archive","src":"C:\\Users\\soren\\google-drive-mcp\\rewrite-mcp\\engine\\operatorConsole\\docs\\v1\\SWEEPER.md","archive":"C:\\Users\\soren\\archive\\docs-legacy-2026-05-04T03-06-29-830Z\\conflicts\\SWEEPER.md-da39a3ee"}
{"op":"copied","src":"C:\\Users\\soren\\google-drive-mcp\\rewrite-mcp\\engine\\operatorConsole\\docs\\v1\\TESTING.md","dest":"C:\\Users\\soren\\docs\\operator-console\\TESTING.md","srcHash":"da39a3ee5e6b4b0d3255bfef95601890afd80709"}
{"op":"moved-noncanonical-to-archive","src":"C:\\Users\\soren\\google-drive-mcp\\rewrite-mcp\\engine\\operatorConsole\\docs\\v1\\TESTING.md","archive":"C:\\Users\\soren\\archive\\docs-legacy-2026-05-04T03-06-29-830Z\\conflicts\\TESTING.md-da39a3ee"}
{"op":"copied","src":"C:\\Users\\soren\\google-drive-mcp\\rewrite-mcp\\castironforge\\docs\\architecture.md","dest":"C:\\Users\\soren\\docs\\project-brain\\castironforge\\architecture.md","srcHash":"4b7b40ef6d96e5ba335b0775f289a228426defaa"}
{"op":"moved-noncanonical-to-archive","src":"C:\\Users\\soren\\google-drive-mcp\\rewrite-mcp\\castironforge\\docs\\architecture.md","archive":"C:\\Users\\soren\\archive\\docs-legacy-2026-05-04T03-06-29-830Z\\conflicts\\architecture.md-4b7b40ef"}
{"op":"copied","src":"C:\\Users\\soren\\google-drive-mcp\\rewrite-mcp\\castironforge\\docs\\commands.md","dest":"C:\\Users\\soren\\docs\\project-brain\\castironforge\\commands.md","srcHash":"fed443561d8994324f9478fe4352300a00c3284a"}
{"op":"moved-noncanonical-to-archive","src":"C:\\Users\\soren\\google-drive-mcp\\rewrite-mcp\\castironforge\\docs\\commands.md","archive":"C:\\Users\\soren\\archive\\docs-legacy-2026-05-04T03-06-29-830Z\\conflicts\\commands.md-fed44356"}
{"op":"copied","src":"C:\\Users\\soren\\google-drive-mcp\\rewrite-mcp\\castironforge\\docs\\Daily Logs\\CIC-Business-Development-Log_2026_04_21.md","dest":"C:\\Users\\soren\\docs\\project-brain\\castironforge\\CIC-Business-Development-Log_2026_04_21.md","srcHash":"0c71609a6687b18c84450d5ab49247d419cca379"}
{"op":"moved-noncanonical-to-archive","src":"C:\\Users\\soren\\google-drive-mcp\\rewrite-mcp\\castironforge\\docs\\Daily Logs\\CIC-Business-Development-Log_2026_04_21.md","archive":"C:\\Users\\soren\\archive\\docs-legacy-2026-05-04T03-06-29-830Z\\conflicts\\Daily Logs\\CIC-Business-Development-Log_2026_04_21.md-0c71609a"}
{"op":"copied","src":"C:\\Users\\soren\\google-drive-mcp\\rewrite-mcp\\castironforge\\docs\\Daily Logs\\CIC-Business-Development-Log_2026_04_26.md","dest":"C:\\Users\\soren\\docs\\project-brain\\castironforge\\CIC-Business-Development-Log_2026_04_26.md","srcHash":"b92789a3baa9adcf41b9b6f2f75f3b11bb5c8142"}
{"op":"moved-noncanonical-to-archive","src":"C:\\Users\\soren\\google-drive-mcp\\rewrite-mcp\\castironforge\\docs\\Daily Logs\\CIC-Business-Development-Log_2026_04_26.md","archive":"C:\\Users\\soren\\archive\\docs-legacy-2026-05-04T03-06-29-830Z\\conflicts\\Daily Logs\\CIC-Business-Development-Log_2026_04_26.md-b92789a3"}
{"op":"copied","src":"C:\\Users\\soren\\google-drive-mcp\\rewrite-mcp\\castironforge\\docs\\Daily Logs\\digests\\cic-news-digest_2026-04-23_v1.md","dest":"C:\\Users\\soren\\docs\\project-brain\\castironforge\\cic-news-digest_2026-04-23_v1.md","srcHash":"92c254656b077968e80a9a8d202eab19a7566ce5"}
{"op":"moved-noncanonical-to-archive","src":"C:\\Users\\soren\\google-drive-mcp\\rewrite-mcp\\castironforge\\docs\\Daily Logs\\digests\\cic-news-digest_2026-04-23_v1.md","archive":"C:\\Users\\soren\\archive\\docs-legacy-2026-05-04T03-06-29-830Z\\conflicts\\Daily Logs\\digests\\cic-news-digest_2026-04-23_v1.md-92c25465"}
{"op":"copied","src":"C:\\Users\\soren\\google-drive-mcp\\rewrite-mcp\\castironforge\\docs\\Daily Logs\\digests\\cic-news-digest_2026-04-24_v1.md","dest":"C:\\Users\\soren\\docs\\project-brain\\castironforge\\cic-news-digest_2026-04-24_v1.md","srcHash":"567eb21ccb5c69621e323cb9187a0d5cb66f8c63"}
{"op":"moved-noncanonical-to-archive","src":"C:\\Users\\soren\\google-drive-mcp\\rewrite-mcp\\castironforge\\docs\\Daily Logs\\digests\\cic-news-digest_2026-04-24_v1.md","archive":"C:\\Users\\soren\\archive\\docs-legacy-2026-05-04T03-06-29-830Z\\conflicts\\Daily Logs\\digests\\cic-news-digest_2026-04-24_v1.md-567eb21c"}
{"op":"copied","src":"C:\\Users\\soren\\google-drive-mcp\\rewrite-mcp\\castironforge\\docs\\Daily Logs\\digests\\cic-news-digest_2026-04-24_v2.md","dest":"C:\\Users\\soren\\docs\\project-brain\\castironforge\\cic-news-digest_2026-04-24_v2.md","srcHash":"1de7d6794df5569ec687cf83280499948beb2216"}
{"op":"moved-noncanonical-to-archive","src":"C:\\Users\\soren\\google-drive-mcp\\rewrite-mcp\\castironforge\\docs\\Daily Logs\\digests\\cic-news-digest_2026-04-24_v2.md","archive":"C:\\Users\\soren\\archive\\docs-legacy-2026-05-04T03-06-29-830Z\\conflicts\\Daily Logs\\digests\\cic-news-digest_2026-04-24_v2.md-1de7d679"}
{"op":"copied","src":"C:\\Users\\soren\\google-drive-mcp\\rewrite-mcp\\castironforge\\docs\\Daily Logs\\digests\\cic-news-digest_2026-04-24_v3.md","dest":"C:\\Users\\soren\\docs\\project-brain\\castironforge\\cic-news-digest_2026-04-24_v3.md","srcHash":"c0175c691301a09bc2c59795761f7cfa0d7c1ac8"}
{"op":"moved-noncanonical-to-archive","src":"C:\\Users\\soren\\google-drive-mcp\\rewrite-mcp\\castironforge\\docs\\Daily Logs\\digests\\cic-news-digest_2026-04-24_v3.md","archive":"C:\\Users\\soren\\archive\\docs-legacy-2026-05-04T03-06-29-830Z\\conflicts\\Daily Logs\\digests\\cic-news-digest_2026-04-24_v3.md-c0175c69"}
{"op":"copied","src":"C:\\Users\\soren\\google-drive-mcp\\rewrite-mcp\\castironforge\\docs\\Daily Logs\\digests\\cic-news-digest_2026-04-25_v1.md","dest":"C:\\Users\\soren\\docs\\project-brain\\castironforge\\cic-news-digest_2026-04-25_v1.md","srcHash":"2042c5c53340721cb999ccfec58e6f1a1d558ae4"}
{"op":"moved-noncanonical-to-archive","src":"C:\\Users\\soren\\google-drive-mcp\\rewrite-mcp\\castironforge\\docs\\Daily Logs\\digests\\cic-news-digest_2026-04-25_v1.md","archive":"C:\\Users\\soren\\archive\\docs-legacy-2026-05-04T03-06-29-830Z\\conflicts\\Daily Logs\\digests\\cic-news-digest_2026-04-25_v1.md-2042c5c5"}
{"op":"copied","src":"C:\\Users\\soren\\google-drive-mcp\\rewrite-mcp\\castironforge\\docs\\Daily Logs\\digests\\cic-news-digest_2026-04-27_v1.md","dest":"C:\\Users\\soren\\docs\\project-brain\\castironforge\\cic-news-digest_2026-04-27_v1.md","srcHash":"3a24fb55efa3eb852e0f6255da1f9d78cfaa2598"}
{"op":"moved-noncanonical-to-archive","src":"C:\\Users\\soren\\google-drive-mcp\\rewrite-mcp\\castironforge\\docs\\Daily Logs\\digests\\cic-news-digest_2026-04-27_v1.md","archive":"C:\\Users\\soren\\archive\\docs-legacy-2026-05-04T03-06-29-830Z\\conflicts\\Daily Logs\\digests\\cic-news-digest_2026-04-27_v1.md-3a24fb55"}
{"op":"copied","src":"C:\\Users\\soren\\google-drive-mcp\\rewrite-mcp\\castironforge\\docs\\Daily Logs\\digests\\cic-news-digest_2026-04-30_v1.md","dest":"C:\\Users\\soren\\docs\\project-brain\\castironforge\\cic-news-digest_2026-04-30_v1.md","srcHash":"3ef1299269d370d83f52cdb19f2eb9254104c441"}
{"op":"moved-noncanonical-to-archive","src":"C:\\Users\\soren\\google-drive-mcp\\rewrite-mcp\\castironforge\\docs\\Daily Logs\\digests\\cic-news-digest_2026-04-30_v1.md","archive":"C:\\Users\\soren\\archive\\docs-legacy-2026-05-04T03-06-29-830Z\\conflicts\\Daily Logs\\digests\\cic-news-digest_2026-04-30_v1.md-3ef12992"}
{"op":"copied","src":"C:\\Users\\soren\\google-drive-mcp\\rewrite-mcp\\castironforge\\docs\\Daily Logs\\digests\\cic-news-digest_2026-05-03_v1.md","dest":"C:\\Users\\soren\\docs\\project-brain\\castironforge\\cic-news-digest_2026-05-03_v1.md","srcHash":"afdcd771f761df8acfe9fad0eaa43c6913c41b73"}
{"op":"moved-noncanonical-to-archive","src":"C:\\Users\\soren\\google-drive-mcp\\rewrite-mcp\\castironforge\\docs\\Daily Logs\\digests\\cic-news-digest_2026-05-03_v1.md","archive":"C:\\Users\\soren\\archive\\docs-legacy-2026-05-04T03-06-29-830Z\\conflicts\\Daily Logs\\digests\\cic-news-digest_2026-05-03_v1.md-afdcd771"}
{"op":"copied","src":"C:\\Users\\soren\\google-drive-mcp\\rewrite-mcp\\castironforge\\docs\\ingestion.md","dest":"C:\\Users\\soren\\docs\\project-brain\\castironforge\\ingestion.md","srcHash":"2fe6f7aacbb1346cfaa85ed8b8a1729b2605a999"}
{"op":"moved-noncanonical-to-archive","src":"C:\\Users\\soren\\google-drive-mcp\\rewrite-mcp\\castironforge\\docs\\ingestion.md","archive":"C:\\Users\\soren\\archive\\docs-legacy-2026-05-04T03-06-29-830Z\\conflicts\\ingestion.md-2fe6f7aa"}
{"op":"moved-noncanonical-conflict-to-archive","src":"C:\\Users\\soren\\google-drive-mcp\\rewrite-mcp\\castironforge\\docs\\README.md","archive":"C:\\Users\\soren\\archive\\docs-legacy-2026-05-04T03-06-29-830Z\\conflicts\\README.md-667d38ba","dest":"C:\\Users\\soren\\docs\\README.md","destHash":"69e22ff13e03a5c0e186da97d9d622a046b54838","srcHash":"667d38ba6c462d053e335fdd9ba0f88a282896b8"}
{"op":"copied","src":"C:\\Users\\soren\\google-drive-mcp\\rewrite-mcp\\castironforge\\docs\\research-engine.md","dest":"C:\\Users\\soren\\docs\\project-brain\\castironforge\\research-engine.md","srcHash":"e5717a76391bc8d840edd95bc5b9eb41cc096069"}
{"op":"moved-noncanonical-to-archive","src":"C:\\Users\\soren\\google-drive-mcp\\rewrite-mcp\\castironforge\\docs\\research-engine.md","archive":"C:\\Users\\soren\\archive\\docs-legacy-2026-05-04T03-06-29-830Z\\conflicts\\research-engine.md-e5717a76"}
{"op":"copied","src":"C:\\Users\\soren\\projects\\rewrite-labs-core\\docs\\architecture.md","dest":"C:\\Users\\soren\\docs\\assets\\examples\\architecture.md","srcHash":"2f21aa8d77920e9adfe24bf0a2a40d7db131cb71"}
{"op":"moved-noncanonical-to-archive","src":"C:\\Users\\soren\\projects\\rewrite-labs-core\\docs\\architecture.md","archive":"C:\\Users\\soren\\archive\\docs-legacy-2026-05-04T03-06-29-830Z\\conflicts\\architecture.md-2f21aa8d"}
{"op":"copied","src":"C:\\Users\\soren\\projects\\rewrite-labs-core\\docs\\crawler-spec.md","dest":"C:\\Users\\soren\\docs\\assets\\examples\\crawler-spec.md","srcHash":"097830aafa333194749a15287a0dbb5a92461d52"}
{"op":"moved-noncanonical-to-archive","src":"C:\\Users\\soren\\projects\\rewrite-labs-core\\docs\\crawler-spec.md","archive":"C:\\Users\\soren\\archive\\docs-legacy-2026-05-04T03-06-29-830Z\\conflicts\\crawler-spec.md-097830aa"}
{"op":"copied","src":"C:\\Users\\soren\\projects\\rewrite-labs-core\\docs\\operator-console-spec.md","dest":"C:\\Users\\soren\\docs\\assets\\examples\\operator-console-spec.md","srcHash":"f4c731219422d433ade3787bca98acfcbf27d5eb"}
{"op":"moved-noncanonical-to-archive","src":"C:\\Users\\soren\\projects\\rewrite-labs-core\\docs\\operator-console-spec.md","archive":"C:\\Users\\soren\\archive\\docs-legacy-2026-05-04T03-06-29-830Z\\conflicts\\operator-console-spec.md-f4c73121"}
{"op":"copied","src":"C:\\Users\\soren\\projects\\rewrite-labs-core\\docs\\outreach-templates.md","dest":"C:\\Users\\soren\\docs\\assets\\examples\\outreach-templates.md","srcHash":"0885aeb8b0c4276ac65979906858188ca75680a1"}
{"op":"moved-noncanonical-to-archive","src":"C:\\Users\\soren\\projects\\rewrite-labs-core\\docs\\outreach-templates.md","archive":"C:\\Users\\soren\\archive\\docs-legacy-2026-05-04T03-06-29-830Z\\conflicts\\outreach-templates.md-0885aeb8"}
{"op":"copied","src":"C:\\Users\\soren\\projects\\rewrite-labs-core\\docs\\runbook.md","dest":"C:\\Users\\soren\\docs\\assets\\examples\\runbook.md","srcHash":"3c90510e454749a062cfd72f45f4c7d201d92e6d"}
{"op":"moved-noncanonical-to-archive","src":"C:\\Users\\soren\\projects\\rewrite-labs-core\\docs\\runbook.md","archive":"C:\\Users\\soren\\archive\\docs-legacy-2026-05-04T03-06-29-830Z\\conflicts\\runbook.md-3c90510e"}
{"op":"moved-noncanonical-conflict-to-archive","src":"C:\\Users\\soren\\servers\\src\\everything\\docs\\architecture.md","archive":"C:\\Users\\soren\\archive\\docs-legacy-2026-05-04T03-06-29-830Z\\conflicts\\architecture.md-bd0ee501","dest":"C:\\Users\\soren\\docs\\assets\\examples\\architecture.md","destHash":"2f21aa8d77920e9adfe24bf0a2a40d7db131cb71","srcHash":"bd0ee501f2563ca672e8fe9da147df65dcaa821d"}
{"op":"copied","src":"C:\\Users\\soren\\servers\\src\\everything\\docs\\extension.md","dest":"C:\\Users\\soren\\docs\\assets\\examples\\extension.md","srcHash":"377a4ca98ff99d701f8533cfae496f2f8f0e3156"}
{"op":"moved-noncanonical-to-archive","src":"C:\\Users\\soren\\servers\\src\\everything\\docs\\extension.md","archive":"C:\\Users\\soren\\archive\\docs-legacy-2026-05-04T03-06-29-830Z\\conflicts\\extension.md-377a4ca9"}
{"op":"copied","src":"C:\\Users\\soren\\servers\\src\\everything\\docs\\features.md","dest":"C:\\Users\\soren\\docs\\assets\\examples\\features.md","srcHash":"d8b2570687759868b2e47c302a5d014efaf90462"}
{"op":"moved-noncanonical-to-archive","src":"C:\\Users\\soren\\servers\\src\\everything\\docs\\features.md","archive":"C:\\Users\\soren\\archive\\docs-legacy-2026-05-04T03-06-29-830Z\\conflicts\\features.md-d8b25706"}
{"op":"copied","src":"C:\\Users\\soren\\servers\\src\\everything\\docs\\how-it-works.md","dest":"C:\\Users\\soren\\docs\\assets\\examples\\how-it-works.md","srcHash":"ed8ad8139d11ddf6c40f1fa1c6f225cc9aa425b1"}
{"op":"moved-noncanonical-to-archive","src":"C:\\Users\\soren\\servers\\src\\everything\\docs\\how-it-works.md","archive":"C:\\Users\\soren\\archive\\docs-legacy-2026-05-04T03-06-29-830Z\\conflicts\\how-it-works.md-ed8ad813"}
{"op":"copied","src":"C:\\Users\\soren\\servers\\src\\everything\\docs\\instructions.md","dest":"C:\\Users\\soren\\docs\\assets\\examples\\instructions.md","srcHash":"8ef41f3e680b77af5d3ac9e9ab8838dd0b1d7328"}
{"op":"moved-noncanonical-to-archive","src":"C:\\Users\\soren\\servers\\src\\everything\\docs\\instructions.md","archive":"C:\\Users\\soren\\archive\\docs-legacy-2026-05-04T03-06-29-830Z\\conflicts\\instructions.md-8ef41f3e"}
{"op":"copied","src":"C:\\Users\\soren\\servers\\src\\everything\\docs\\startup.md","dest":"C:\\Users\\soren\\docs\\assets\\examples\\startup.md","srcHash":"dd364f74c1edd1db30d306aba62df4b1a70873ab"}
{"op":"moved-noncanonical-to-archive","src":"C:\\Users\\soren\\servers\\src\\everything\\docs\\startup.md","archive":"C:\\Users\\soren\\archive\\docs-legacy-2026-05-04T03-06-29-830Z\\conflicts\\startup.md-dd364f74"}
{"op":"copied","src":"C:\\Users\\soren\\servers\\src\\everything\\docs\\structure.md","dest":"C:\\Users\\soren\\docs\\assets\\examples\\structure.md","srcHash":"df1faaf5a9a8ef578edd95b563e4d62d136662b3"}
{"op":"moved-noncanonical-to-archive","src":"C:\\Users\\soren\\servers\\src\\everything\\docs\\structure.md","archive":"C:\\Users\\soren\\archive\\docs-legacy-2026-05-04T03-06-29-830Z\\conflicts\\structure.md-df1faaf5"}
{"op":"migration-complete","timestamp":"2026-05-04T03:06:34.056Z"}
